Date,Price,High,Low,Volume BTC,Volume EUR
2020-04-29,7184.29,7646.19,7162.19,17.53,129247.18
2020-04-28,7191.54,7299.99,7102.76,146.53,1054958.47
2020-04-27,7062.94,7264.69,7062.94,137.58,990739.76
2020-04-26,7011.22,7199.94,6978.16,39.16,278582.81
2020-04-25,6938.85,7100,6901.65,7.372,51673.31
2020-04-24,6984.83,7131.68,6500,116.48,817315.7
2020-04-23,6592.5,7058.99,6511.38,171.58,1150498.22
2020-04-22,6350.18,6675.19,6305.33,103.8,675632.11
2020-04-21,6315.75,6488.18,6302.4,79.24,508157.29
2020-04-20,6609.85,6699.05,6309.38,123.04,803660.47
2020-04-19,6686.47,6753.54,6545.11,7.764,51454.59
2020-04-18,6534.97,6749,6481.83,7.601,50644.02
2020-04-17,6555.59,6799,6466.31,112.05,745567.55
2020-04-16,6100.74,6605.85,6001.17,144.84,942290.14
2020-04-15,6283.79,6369.19,6080,121.07,759514.59
2020-04-14,6284.29,6435.18,6260.01,104.11,660198.19
2020-04-13,6402.91,6402.91,6170.03,14.52,90508.99
2020-04-12,6354.08,6662.23,6301.38,15.65,101048.25
2020-04-11,6329.29,6452.7,6260.01,8.16,52283.16
2020-04-10,6353.71,6487.86,6250,150.16,964295.42
2020-04-09,6799.89,6878.77,6653.66,114.83,779425.03
2020-04-08,6710.27,6893.09,6603.09,57.63,389939.46
2020-04-07,6800,7099.99,6550,79.28,544761.07
2020-04-06,6284.1,6800,6261.54,101.52,675311.32
2020-04-05,6342.69,6397.4,6218.71,11.85,74593.19
2020-04-04,6275.75,6445.45,6206.33,10.62,67029.31
2020-04-03,6283.02,6502.31,6200,141.31,909378.02
2020-04-02,6097.66,6640.45,5979.33,99.19,619987.68
2020-04-01,5860.17,6097.66,5668.67,134.11,780997.51
2020-03-31,5886.86,6043.87,5805.12,89.06,527161.76
2020-03-30,5336,5995.19,5336,74.63,435560.19
2020-03-29,5594.63,5751.92,5336,13.76,76461.77
2020-03-28,5805.76,5877.77,5533.76,15.03,86095.07
2020-03-27,6201,6312.41,5800,156.24,961815.2
2020-03-26,6209.04,6288,6123.44,4.396,27238.55
2020-03-25,6278.69,6500,6054.32,98.23,608662.39
2020-03-24,6042.58,6399.98,5982.2,114.34,720189.69
2020-03-23,5508.85,6140.92,5421.71,140.11,829948.02
2020-03-22,5815.79,6069,5505.28,11.17,64819.2
2020-03-21,5800.81,6040,5600,8.717,51011.11
2020-03-20,5849.44,6663.99,5465,102.01,633358.39
2020-03-19,4942.63,6112.8,4897.01,142.57,790308.81
2020-03-18,5089,5350,4656.59,222.81,1087373.34
2020-03-17,4676.91,5145.43,4562.03,167.82,826711.34
2020-03-16,4814.75,5145.43,4120,102.96,482516.03
2020-03-15,4777.08,5498.67,4680.13,16.01,78424.13
2020-03-14,5166.62,5278.16,4700,19.09,94767.03
2020-03-13,4554.93,6384.3,3687.94,136.44,706468.62
2020-03-12,7062.9,7073.99,4500,107.37,595116.99
2020-03-11,7010.56,7212.57,6830,66.48,465017.55
2020-03-10,6931.84,7390,6929.44,120.3,862403.12
2020-03-09,7070,7158.69,6770,147.53,1029119.06
2020-03-08,7907.83,7907.83,7070,14.45,109359.96
2020-03-07,8107.14,8144.4,7872,7.993,64277.38
2020-03-06,8080,8187,8015,91.19,741234.41
2020-03-05,7862.61,8268.25,7862.61,75.98,620672.24
2020-03-04,7866.06,8038.97,7820.34,53.04,421312.78
2020-03-03,7999.8,8114,7797.98,109.15,877611.81
2020-03-02,7728.45,8133.46,7707.38,59.61,479115.64
2020-03-01,7905.17,7999.99,7670.7,7.132,55961.68
2020-02-29,7940.01,8088.88,7794.72,3.14,24960.25
2020-02-28,7991.96,8188.49,7710.63,63.98,510990.2
2020-02-27,8244.5,8369.16,7912.69,58.38,475224.92
2020-02-26,8644.71,8710.32,8005.97,77.08,654901.51
2020-02-25,8939.34,9058.81,8583.53,47.47,425610.97
2020-02-24,9209.38,9254.51,8827.16,65.18,593249.94
2020-02-23,8933.89,9248.91,8917.26,5.995,54692.67
2020-02-22,8957.8,8991.07,8880.01,2.312,20650.92
2020-02-21,8907.69,9205.79,8885.84,80.47,726997.34
2020-02-20,8940,9159.06,8841.38,86.44,776517.98
2020-02-19,9437.26,9685,8745.41,106.14,1000205.01
2020-02-18,8965,9555.73,8920.15,102.77,932642.61
2020-02-17,9192.72,9192.72,8726.28,89.77,802693.42
2020-02-16,9188,9335.91,8979.01,8.145,74378.52
2020-02-15,9566.42,9596.16,9116.8,7.3,68378.74
2020-02-14,9455.82,9600,9354.44,100.74,960824.36
2020-02-13,9526.55,9669.98,9313.87,43.55,414965.22
2020-02-12,9425.39,9661,9420.47,88.29,844630.63
2020-02-11,9074.97,9519.84,8931.71,103.43,941355.33
2020-02-10,9299.74,9317.8,8939.82,90.06,820931.84
2020-02-09,9070.93,9303.71,9056.69,10.6,97875.67
2020-02-08,8955.37,9072.43,8861.84,5.11,45900.86
2020-02-07,8880.97,9025,8871.69,83.16,746805.71
2020-02-06,8745.91,9060,8699.25,67.84,609947.71
2020-02-05,8302.78,8881.41,8302.78,62.22,537129.71
2020-02-04,8397.58,8443.55,8244.82,96.29,799393.59
2020-02-03,8423.93,8648.62,8360.18,62.99,533535.37
2020-02-02,8465.84,8553.57,8283.31,4.164,35302.36
2020-02-01,8418.2,8519.62,8391.35,4.992,42177.64
2020-01-31,8602.2,8617,8354.27,125.38,1053999.34
2020-01-30,8438.88,8682.21,8363.75,55.7,474728.4
2020-01-29,8505.42,8598,8403.31,79.36,677537.92
2020-01-28,8105.57,8518.03,8087.48,48.93,404417.06
2020-01-27,7779.99,8159.84,7779.99,39.39,314629.07
2020-01-26,7628.83,7854.16,7534.7,2.296,17691.28
2020-01-25,7631.37,7645.34,7516.05,2.368,17997.91
2020-01-24,7590.29,7748,7475.94,44.54,343301.48
2020-01-23,7804.78,7841.96,7502.46,35.46,269158.54
2020-01-22,7869.91,7937.15,7780.07,18.43,144196.24
2020-01-21,7807.53,7909.98,7688.94,67.86,532049.98
2020-01-20,7839.94,7913.37,7702.94,111.65,878993.37
2020-01-19,8054.66,8328.01,7718.22,5.696,45421.68
2020-01-18,8025.52,8149.63,7963.69,2.201,17752.73
2020-01-17,7856.36,8127.31,7791.94,121.26,965815.74
2020-01-16,7901.17,7930.08,7712.7,108.07,844374.32
2020-01-15,7937.45,7981.84,7711.16,104.96,825756.85
2020-01-14,7314.55,7989.88,7297.31,116.37,902518.75
2020-01-13,7357.65,7388.28,7245.21,86.96,637752.41
2020-01-12,7270.88,7395.12,7220,2.696,19810.28
2020-01-11,7338.51,7463.97,7240,5.168,38065.12
2020-01-10,7069.03,7381.41,6950,98.08,704375.49
2020-01-09,7298.3,7298.3,6998.84,57.34,411167.6
2020-01-08,7352.87,7700,7128.44,74.21,559763.79
2020-01-07,6922.92,7361.67,6922.92,150.06,1073303.72
2020-01-06,6593.46,6955.89,6593.46,13.06,88722.74
2020-01-05,6583.45,6780.59,6583.45,4.125,27676.33
2020-01-04,6669.61,6691.98,6532.31,2.711,17985.85
2020-01-03,6243.21,6694.57,6215.93,80.58,533235.8
2020-01-02,6410,6506.41,6227.15,58.31,375278.12
2020-01-01,6403.79,6545.59,6400,3.63,23697.44
2019-12-31,6504.99,6803.63,6400,152.86,1005848.65
2019-12-30,6641.96,6710.68,6452.15,93.33,621418.49
2019-12-29,6557.35,6785.46,6527.09,3.1,20718.48
2019-12-28,6510.5,6676.79,6510.5,2.47,16361.54
2019-12-27,6495.17,6708.14,6401.2,301.25,1968916.68
2019-12-26,6499.8,6731.95,6480,6.721,44312.87
2019-12-25,6571.01,6761.98,6486.24,12.63,83489.82
2019-12-24,6683.53,6939.84,6502.49,222.0,1505295.9
2019-12-23,6820,7019.92,6604.29,86.13,595182.67
2019-12-22,6459.31,6820,6449.05,3.627,24251.85
2019-12-21,6591.57,6739.99,6450.54,6.188,40715.6
2019-12-20,6444.39,6662,6411.67,99.26,656350.33
2019-12-19,6590.85,6749.16,6356.27,213.91,1388252.02
2019-12-18,5950.26,6699,5900.17,101.95,634057.46
2019-12-17,6209.98,6622.77,5924.59,92.17,583696.21
2019-12-16,6418.44,6611.48,6203.31,129.82,849476.02
2019-12-15,6533.54,6564.57,6364.5,17.37,111977.81
2019-12-14,6660.96,6675.95,6348.25,2.406,15828.6
2019-12-13,6541.65,6699,6440.91,20.85,137636.78
2019-12-12,6534.69,6611.21,6420.01,63.31,416305.66
2019-12-11,6533.05,6595.16,6496.45,47.22,310464.43
2019-12-10,6655.67,6758.72,6489.84,91.35,602478.74
2019-12-09,6846.69,6982.37,6617.41,77.44,535127.53
2019-12-08,6819.1,6895.56,6700.03,5.257,35885.42
2019-12-07,6820.66,6902.34,6789.4,2.869,19724.59
2019-12-06,6658.04,6878.16,6607.24,85.91,581327.77
2019-12-05,6513.24,6742,6496.25,57.24,384576.33
2019-12-04,6602.72,7029.56,6440.31,55.72,375332.18
2019-12-03,6609.87,6726,6565.9,74.59,498375.42
2019-12-02,6735.02,6738.28,6533.89,134.97,899138.62
2019-12-01,6866.04,6870.8,6609.07,8.213,54877.46
2019-11-30,7042.3,7090.54,6807.56,3.861,26835.06
2019-11-29,6792.06,7205.08,6754.87,92.06,655234.8
2019-11-28,6831.62,6999.99,6720,56.48,387817.16
2019-11-27,6512.98,6975.13,6262.79,85.67,568065.19
2019-11-26,6497.96,6599.97,6419.43,156.15,1018103.61
2019-11-25,6281.89,6735.27,5955.46,14.86,95612.62
2019-11-24,6643.89,6664.48,6281.89,13.86,90588.26
2019-11-23,6608.16,6733.05,6478.32,7.429,49133.21
2019-11-22,6880.02,7101.36,6290.27,124.41,815175.93
2019-11-21,7293.11,7356.2,6818.67,79.8,569174.22
2019-11-20,7333,7488,7279.43,60.78,450375.0
2019-11-19,7412.2,7445,7262.4,54.76,404621.11
2019-11-18,7727.1,8000,7279.86,90.65,698218.75
2019-11-17,7681.41,7804.76,7621.77,2.398,18548.51
2019-11-16,7665.84,7717.2,7645.08,1.587,12201.35
2019-11-15,7869.87,7952.33,7611.35,110.13,851384.69
2019-11-14,7976.9,7991.77,7800.27,55.31,437024.49
2019-11-13,7983.15,8080,7921.26,77.33,619271.97
2019-11-12,7907.99,8043.67,7850,42.22,335637.05
2019-11-11,8219.1,8230.87,7826.86,13.25,106063.84
2019-11-10,8011.39,8272.94,7953.52,3.824,30985.37
2019-11-09,7989,8061.07,7949.77,2.84,22788.21
2019-11-08,8330.46,8361.79,7910.65,128.43,1036308.08
2019-11-07,8464,8464.29,8246.5,84.31,704358.96
2019-11-06,8424.43,8588,8380.2,89.79,762969.64
2019-11-05,8462,8604.55,8282.42,26.7,226235.71
2019-11-04,8251.55,8558.67,8184.32,47.85,395936.71
2019-11-03,8330,8394.47,8157.25,5.712,47022.45
2019-11-02,8275.06,8399.23,8258.91,5.664,47191.97
2019-11-01,8194.68,8331.43,8131.64,8.975,74009.47
2019-10-31,8247.65,8533,8044.84,144.2,1209240.48
2019-10-30,8512.27,8512.27,8119.19,88.26,729463.08
2019-10-29,8304.03,8592,8217.8,51.59,437354.59
2019-10-28,8562.01,8903.25,8292.04,99.9,850939.75
2019-10-27,8312.63,8800,8208.36,16.8,142779.08
2019-10-26,7793.48,9309.2,7793.48,39.23,326028.9
2019-10-25,6716,7888,6701.13,139.13,979582.65
2019-10-24,6689.91,6840,6630.92,92.78,628550.02
2019-10-23,7210.12,7259.54,6611.81,62.33,423729.39
2019-10-22,7357.94,7550,7210.12,104.44,779722.05
2019-10-21,7372.63,7488.14,7338.72,83.06,617469.28
2019-10-20,7118.67,7429.85,7078.07,1.76,12705.59
2019-10-19,7155.51,7236.49,7062.92,6.012,42935.46
2019-10-18,7262.51,7297.77,7068.94,94.16,675809.75
2019-10-17,7238.75,7390,7185.56,68.72,504086.36
2019-10-16,7397.02,7423.15,7177.02,68.3,499038.42
2019-10-15,7585.96,7715,7377.6,59.94,456645.26
2019-10-14,7523.67,7670,7493.3,42.55,323354.7
2019-10-13,7549.71,7683.32,7485.85,3.18,24122.64
2019-10-12,7524.98,7634.54,7500.36,4.02,30419.53
2019-10-11,7801.09,7973.39,7524.98,90.92,694181.74
2019-10-10,7830.96,7862.72,7696.88,21.24,165256.23
2019-10-09,7485.44,7911.38,7429.38,74.91,577121.33
2019-10-08,7491.01,7600.56,7430.03,66.88,503033.78
2019-10-07,7167.88,7595,7110,78.42,588153.63
2019-10-06,7425.99,7455.73,7141.13,9.665,69901.94
2019-10-05,7445.15,7463.5,7338,5.45,40374.62
2019-10-04,7542.92,7542.92,7358.6,39.14,292968.34
2019-10-03,7636.12,7694,7394.09,44.0,334614.27
2019-10-02,7622.53,7735,7514.31,74.83,572976.84
2019-10-01,7644.73,7850,7552.08,141.22,1095215.95
2019-09-30,7389.01,7799.96,7102.21,82.12,621168.94
2019-09-29,7482.97,7520.66,7261.02,3.029,22340.5
2019-09-28,7520.23,7642.95,7377.86,2.143,16101.11
2019-09-27,7425.91,7567.03,7227.21,69.11,514350.46
2019-09-26,7683.95,7866,7107.33,55.8,429067.73
2019-09-25,7952.57,7957.55,7491.98,50.39,389705.07
2019-09-24,8828.2,9030,7450,63.95,538775.84
2019-09-23,9135.18,9218,8808.49,57.97,529524.53
2019-09-22,9064.05,9233.93,9000,2.549,23233.49
2019-09-21,9283.52,9283.52,9048.8,4.591,41880.29
2019-09-20,9290.14,9440,9170.49,42.97,401845.65
2019-09-19,9250.79,9424.54,8808.41,59.45,538651.34
2019-09-18,9234.55,9425,9183.55,52.29,487940.06
2019-09-17,9343.31,9458,9223.03,54.59,511593.19
2019-09-16,9340.17,9410,9193.56,81.0,755568.17
2019-09-15,9398.22,9398.22,9281.92,1.271,11893.87
2019-09-14,9352.58,9433.76,9280.1,1.491,13986.8
2019-09-13,9433.83,9495,9205.29,80.08,756823.66
2019-09-12,9241.87,9506,9142.92,66.95,630223.42
2019-09-11,9134.17,9317,9022,49.73,459472.73
2019-09-10,9326.84,9475,9063.4,48.46,454083.93
2019-09-09,9437.71,9623,9183.48,53.68,509567.49
2019-09-08,9502.25,9618.13,9390,2.376,22447.76
2019-09-07,9351.9,9583.07,9324.84,1.17,11096.69
2019-09-06,9581.91,10060,9300,48.75,483244.11
2019-09-05,9553.91,9770,9501.55,34.48,333868.52
2019-09-04,9626.38,9800,9431.06,55.66,537537.93
2019-09-03,9500.43,9841,9439.45,50.29,485849.74
2019-09-02,8938.55,9541.41,8879.07,64.27,583191.71
2019-09-01,8763.03,8938.55,8735,0.8318,7320.8
2019-08-31,8750.41,8840.22,8722.79,1.515,13287.17
2019-08-30,8604.69,8849,8506.84,75.9,666492.95
2019-08-29,8804.91,8804.91,8484.08,86.62,748330.76
2019-08-28,9161.86,9345,8700.11,68.57,628891.5
2019-08-27,9329.78,9336.97,9068.61,58.98,546742.94
2019-08-26,9121.95,9524,9121.95,58.27,549681.78
2019-08-25,9089.9,9300,8981.09,1.827,16629.44
2019-08-24,9421.28,9421.28,8903.77,4.007,36437.68
2019-08-23,9152.68,9428.98,9101.75,30.18,280766.75
2019-08-22,9069.65,9235,8880.83,47.47,432415.93
2019-08-21,9717.53,9717.53,8954,54.74,499854.23
2019-08-20,9711.04,9850,9582.68,32.1,313892.44
2019-08-19,9290.75,9770,9290.75,52.71,512718.69
2019-08-18,9169.8,9463.51,9113.77,2.31,21582.88
2019-08-17,9386,9565.99,9105.89,4.173,38401.35
2019-08-16,9330,9614.88,8571.01,54.35,501769.95
2019-08-15,8940.28,9548.48,8599.33,19.4,172255.3
2019-08-14,9717.3,9717.3,8940.28,68.44,652194.05
2019-08-13,10178.88,10214.09,9652.49,48.41,479292.59
2019-08-12,10267.47,10342,10113.73,39.79,408828.25
2019-08-11,10100.01,10268.01,10000.02,3.819,38660.24
2019-08-10,10578.99,10625.86,10027.57,10.97,113122.96
2019-08-09,10700,10759,10409.21,38.01,405652.57
2019-08-08,10732.46,10732.46,10297.22,43.24,456916.63
2019-08-07,10268.01,10960,10193.15,52.38,557635.04
2019-08-06,10530,10980,10000,72.12,758619.21
2019-08-05,9892,10690,9892,57.94,606527.77
2019-08-04,9740.36,9967.25,9457.79,7.959,78019.33
2019-08-03,9464.24,9859.91,9464.24,3.332,32310.87
2019-08-02,9370.27,9672,9343.26,49.96,478237.25
2019-08-01,9100,9435,8981.78,67.4,613920.51
2019-07-31,8617.26,9100,8617.26,58.55,519699.67
2019-07-30,8571.78,8807.45,8455.79,49.05,427663.69
2019-07-29,8417.22,8729,8417.22,61.58,533312.25
2019-07-28,8499.35,8738.52,8333.33,1.685,14285.08
2019-07-27,8852.42,9160.93,8452.57,4.149,35993.49
2019-07-26,8934.38,8970,8702.66,52.86,471201.57
2019-07-25,8870.3,9175.51,8842.89,35.11,319896.25
2019-07-24,8980,8980,8600,71.64,631202.05
2019-07-23,9205.83,9221.65,8875.36,87.53,791904.61
2019-07-22,9477.77,9580,9100,47.97,455923.37
2019-07-21,9609.85,9660.71,9272.3,12.51,117698.03
2019-07-20,9404.44,9850.44,9365,4.274,40993.08
2019-07-19,9500,9562.98,9058.83,73.29,690203.27
2019-07-18,8613.24,9500,8385.81,48.34,419068.47
2019-07-17,8659.38,8997.24,8150.57,61.96,525138.66
2019-07-16,9669.62,9766,8500,77.43,741583.67
2019-07-15,9132.01,9783.23,8900.03,78.76,725456.23
2019-07-14,10100.83,10100.83,9100.91,9.959,95319.78
2019-07-13,10632.05,10632.05,9703.86,8.812,89074.49
2019-07-12,10060.13,10703.07,9992.8,59.87,632092.52
2019-07-11,10799.15,10799.15,9782.7,49.9,523841.09
2019-07-10,11206.73,11868,10381.99,89.02,1032495.52
2019-07-09,11091.32,11444.75,10809.25,63.56,709092.14
2019-07-08,10207.97,11097.61,10100.01,126.8,1336689.58
2019-07-07,9935.01,10400,9935.01,9.931,101122.42
2019-07-06,9815.35,10479.99,9815.35,14.17,145703.05
2019-07-05,9920,10431.79,8000,71.03,711195.31
2019-07-04,10683.67,10685,9920,58.98,618564.58
2019-07-03,9656.65,10683.67,9656.65,98.12,994394.18
2019-07-02,9407.65,9691.8,8579.34,82.6,752134.63
2019-07-01,9500,9860.01,8875.44,101.36,965414.67
2019-06-30,10480.37,10726.82,9500,11.8,117873.09
2019-06-29,10848.88,10950,10200,6.651,69391.47
2019-06-28,9826.95,15900,9585.44,76.71,810297.9
2019-06-27,11373.65,11700,9055.19,117.75,1226260.89
2019-06-26,10327.26,12226.27,8700,97.3,1103043.6
2019-06-25,9654.23,10500,9557.26,82.74,821826.57
2019-06-24,9512.49,9746.42,9290.27,76.44,734597.6
2019-06-23,9346.15,9856,9224.36,6.079,57317.56
2019-06-22,8938.56,9826.31,3328.67,33.03,287994.36
2019-06-21,8402.51,8938.56,8402.51,58.12,505179.34
2019-06-20,8290.82,8500,7467,29.16,238006.57
2019-06-19,8038.77,8318.05,8038.77,61.68,508078.38
2019-06-18,8328.6,8400,7985.71,85.93,712067.22
2019-06-17,8044.19,8437.36,7900.03,126.78,1044438.83
2019-06-16,7899.99,8309.69,7806.28,35.46,285713.94
2019-06-15,7750.36,7899.99,7712.04,5.185,40436.31
2019-06-14,7315.18,7773.09,7277.33,114.43,863856.52
2019-06-13,7214.09,7386.32,7176.02,59.53,432418.84
2019-06-12,7004.4,7275.88,6949.09,86.74,616681.2
2019-06-11,7082.65,7082.65,6856.45,54.44,379536.33
2019-06-10,6771.79,7213.01,6700,55.38,392931.53
2019-06-09,7027.38,7073.77,6711.07,2.034,14014.19
2019-06-08,7087.77,7097.81,6950,0.726,5101.86
2019-06-07,6915.01,7204,6890.1,105.46,755332.68
2019-06-06,6923.07,7073.27,6645.62,45.3,314104.3
2019-06-05,6956.94,7169.29,6818.47,50.88,356906.68
2019-06-04,7381.72,7586.59,6680.47,59.68,422349.93
2019-06-03,7840.59,7840.59,7291.4,82.84,636326.24
2019-06-02,7700,7977.99,7665.72,2.313,18192.14
2019-06-01,7799.22,7799.99,7470,5.731,43362.1
2019-05-31,7456.25,7800,7420,56.97,429639.95
2019-05-30,7767.29,8102.75,7259.54,51.96,409677.05
2019-05-29,7833.05,7955.1,7629.51,54.19,425979.56
2019-05-28,7900.81,7905.42,7721.66,41.27,324505.22
2019-05-27,7803.33,7981.87,7773.38,59.59,470057.8
2019-05-26,7150,7822.22,7061.55,50.47,382908.84
2019-05-25,7194.53,7329.35,7110.01,9.593,69025.18
2019-05-24,7089.36,7300,7000,116.76,840368.99
2019-05-23,6925.82,7116.78,6755.22,139.63,964454.62
2019-05-22,7179.03,7210,6900,89.22,635543.15
2019-05-21,7137.07,7319,7057.65,59.8,429198.37
2019-05-20,7344.01,7344.01,6900,45.29,323448.22
2019-05-19,6577.2,7344.01,6542.75,15.67,112047.58
2019-05-18,6600,6731.64,6500.01,6.211,40844.45
2019-05-17,7027.58,7159.99,6231.05,65.2,417871.41
2019-05-16,7400,7429.44,6900,57.16,406376.96
2019-05-15,7115.49,7400,7005.63,111.98,806772.65
2019-05-14,6920.42,7413,6802.71,61.62,447457.44
2019-05-13,6183.57,7235.81,6140.09,143.44,964227.25
2019-05-12,6530.79,7000,6000.86,39.58,253597.56
2019-05-11,5672,6600.97,5672,12.14,74754.62
2019-05-10,5431.06,5715.73,5431.06,116.97,658547.71
2019-05-09,5261.84,5458.05,5261.84,84.44,455397.02
2019-05-08,5182.9,5317.67,5100.03,72.36,380681.27
2019-05-07,5070.6,5435.19,5070.6,118.29,627727.98
2019-05-06,5114.21,5198.99,4998.14,111.44,567038.67
2019-05-05,5136.92,5150,5037.74,4.97,25418.63
2019-05-04,5136.42,5158.02,4936.07,6.972,35507.03
2019-05-03,4830,5199.99,4816.91,18.19,91664.96
2019-05-02,4744.59,4922.34,4739.39,183.32,887805.92
2019-05-01,4709.3,4849.99,4694,14.08,67175.05
2019-04-30,4623.03,4790,4590.9,76.81,359180.28
2019-04-29,4606.27,4770.29,4576.43,86.49,402827.08
2019-04-28,4673.05,4707.62,4300.03,9.765,44025.66
2019-04-27,4626.36,4729.62,4592.85,0.8591,3968.84
2019-04-26,4661.98,4965,4548.64,101.67,479120.71
2019-04-25,4878.25,4997,4603.92,153.69,759492.32
2019-04-24,4945,5007.36,4834.11,46.65,230693.62
2019-04-23,4787.7,5200,4784.5,103.81,516749.82
2019-04-22,4701.8,4810,4688.39,2.372,11313.03
2019-04-21,4737.59,4789.53,4663.42,0.9823,4628.46
2019-04-20,4700.03,4795,4688.25,2.357,11183.72
2019-04-19,4692.94,4742,4657.05,56.43,265762.27
2019-04-18,4618.59,4746.37,4615.62,92.25,435027.37
2019-04-17,4607.47,4710,4595.3,42.75,199888.56
2019-04-16,4460.54,4670.83,4450.19,16.54,75710.16
2019-04-15,4556.48,4633.52,4428.29,37.57,172718.57
2019-04-14,4506.05,4570.84,4465.68,1.294,5844.09
2019-04-13,4503.37,4555,4482.64,0.6406,2893.98
2019-04-12,4492.18,4730.99,4421,29.95,135963.58
2019-04-11,4704.7,4765.59,4455.91,42.7,193834.86
2019-04-10,4628.1,4888.96,4619.61,40.39,190647.95
2019-04-09,4683.21,5120,4585.62,46.43,217932.48
2019-04-08,4637.56,4740.02,4583.83,55.4,258654.27
2019-04-07,4490.09,4651.51,4473.64,2.643,12091.52
2019-04-06,4470.04,4668.97,4384.12,7.913,35923.17
2019-04-05,4343.11,4613.96,4340.51,74.45,335545.83
2019-04-04,4337.02,4557.36,4286.3,53.04,238488.17
2019-04-03,4350.62,4777.71,4317.2,46.9,211609.6
2019-04-02,3702,4398,3691.43,48.66,203395.93
2019-04-01,3642.4,3740,3634.6,36.14,133511.04
2019-03-31,3641.72,3690,3640,4.284,15702.04
2019-03-30,3670,3670,3625,4.204,15305.22
2019-03-29,3575.56,3775,3505,36.73,134939.94
2019-03-28,3580.82,3695,3560.01,4.674,16872.87
2019-03-27,3474.46,3799,3474.46,36.59,132122.57
2019-03-26,3500,3800,3450,25.17,88588.02
2019-03-25,3515.79,3590,3441.41,32.11,114107.44
2019-03-24,3523.05,3576.61,3490.72,3.733,13129.57
2019-03-23,3529.91,3589,3510,4.327,15364.14
2019-03-22,3501.25,3599.34,3493,58.24,208169.99
2019-03-21,3526.28,3589.53,3485.29,27.71,98746.53
2019-03-20,3589.53,3795,3503.4,3.443,12288.9
2019-03-19,3501.46,3800,3490,30.45,108399.11
2019-03-18,3513.01,3675.2,3473.49,4.139,14621.28
2019-03-17,3519.48,3550,3451.61,3.406,11977.29
2019-03-16,3442.08,3537.2,3442.08,1.77,6192.76
2019-03-15,3411.77,3500,3399.83,12.74,44287.57
2019-03-14,3400.17,3849,3390,8.388,29120.14
2019-03-13,3425,3527.27,3398.06,6.865,23581.98
2019-03-12,3461.58,4400,3382.81,95.82,332736.17
2019-03-11,3469.49,3499.99,3397.29,28.93,99795.35
2019-03-10,3491.56,3576.27,3449.49,1.462,5123.41
2019-03-09,3410.93,3532.72,3410.93,1.757,6151.12
2019-03-08,3441.14,3890,3400.3,106.31,371528.38
2019-03-07,3404.93,3560.97,3391.58,13.26,45511.96
2019-03-06,3397.61,3890,3379.27,42.25,145329.53
2019-03-05,3262.15,3486.19,3262.15,48.79,166369.28
2019-03-04,3333.33,3356.27,3250.01,35.97,118016.66
2019-03-03,3388.18,3412.68,3329,0.7376,2476.76
2019-03-02,3352.46,3423.8,3340.51,2.795,9479.2
2019-03-01,3344.25,3400.05,3340,15.01,50484.11
2019-02-28,3334.81,3505.73,3334.32,27.83,94529.42
2019-02-27,3331.44,3422.15,3279.31,34.11,114999.11
2019-02-26,3362.81,3435.14,3321.68,134.69,454894.06
2019-02-25,3323.4,3441.1,3307.63,22.42,75819.71
2019-02-24,3620,3670.97,3300.01,3.077,10709.02
2019-02-23,3480.64,3650,3466,10.61,38148.02
2019-02-22,3446.46,3548,3430,45.45,159301.37
2019-02-21,3485.99,3510.28,3419.92,45.8,158529.38
2019-02-20,3421.24,3505,3421.24,38.85,135408.21
2019-02-19,3416.06,3558,3411.67,54.78,192495.91
2019-02-18,3190.02,3460,3190.02,76.18,256082.67
2019-02-17,3183.37,3206.51,3157.38,1.393,4431.16
2019-02-16,3160.86,3183.37,3160.86,0.873,2769.79
2019-02-15,3155.65,3219.74,3148.68,9.753,30907.7
2019-02-14,3174.5,3203,3149.23,36.6,116419.88
2019-02-13,3173.66,3215,3157.03,33.35,106614.73
2019-02-12,3190,3190.12,3157.08,8.007,25399.06
2019-02-11,3219.4,3248.58,3168.04,30.98,99821.89
2019-02-10,3194.23,3251.9,3136.53,1.704,5439.09
2019-02-09,3193.55,3232.27,2986.01,6.091,18742.2
2019-02-08,2969.23,3284.11,2958.84,132.19,403380.54
2019-02-07,2966.18,3013,2957.57,105.08,315175.64
2019-02-06,3013.1,3013.1,2944.08,131.68,389683.53
2019-02-05,2986.63,3053.99,2980.32,21.37,64318.32
2019-02-04,2975.96,3024,2951.48,23.8,70986.05
2019-02-03,3001.1,3001.1,2963,4.443,13223.55
2019-02-02,3007.17,3053.99,2977.13,1.288,3876.96
2019-02-01,2987.77,3015.76,2946.77,23.67,70526.25
2019-01-31,2999.58,3023,2965.12,69.62,209595.96
2019-01-30,2976,3070,2958.11,24.03,73085.1
2019-01-29,3001.36,3004.62,2925.25,4.254,12624.02
2019-01-28,3116.12,3116.12,2957.03,24.82,74633.92
2019-01-27,3127.17,3148.17,3091.51,1.713,5341.69
2019-01-26,3152,3210.82,2950.01,15.62,46403.31
2019-01-25,3159.68,3159.72,3107.52,3.768,11781.56
2019-01-24,3121.2,3186,3106,57.32,181589.27
2019-01-23,3150,3213.12,3103.02,12.82,40538.59
2019-01-22,3128.05,3215.59,3041.95,46.3,145625.96
2019-01-21,3118.24,3170,3090,40.28,126909.14
2019-01-20,3250,3250,3088.36,5.748,18129.59
2019-01-19,3176.89,3333.99,3176.89,6.326,20627.25
2019-01-18,3185.63,3264.6,3158.24,64.86,207734.38
2019-01-17,3161.94,3229.6,3114.87,41.32,131650.11
2019-01-16,3141,3267,3140.07,21.96,71140.92
2019-01-15,3201.26,3247,3132.62,46.02,149077.57
2019-01-14,3130.78,3258,3069.16,68.63,215289.45
2019-01-13,3162.5,3214.27,3056.98,1.913,6011.73
2019-01-12,3145.39,3225.91,3145.39,0.9217,2925.69
2019-01-11,3182.58,3271.36,3140,90.68,291392.98
2019-01-10,3469.01,3550,3136.01,40.32,134532.0
2019-01-09,3380,3556.75,3380,22.04,77599.37
2019-01-08,3491.67,3570.74,3380,5.763,20217.14
2019-01-07,3559.99,3559.99,3479.76,10.64,37450.16
2019-01-06,3402.91,3565.25,3302.91,15.32,52698.2
2019-01-05,3362.99,3503.82,3334.5,6.771,23141.76
2019-01-04,3333,3410,3290,46.14,155807.61
2019-01-03,3415.52,3440,3304.13,28.65,97761.28
2019-01-02,3308.18,3442.23,3308.18,37.91,128450.08
2019-01-01,3206.5,3310.04,3206.5,0.1436,472.78
2018-12-31,3301.23,3355.08,3202.87,99.18,329788.3
2018-12-30,3383.86,3419.29,3267.22,0.8439,2797.03
2018-12-29,3300.01,3484.15,3300.01,1.812,6278.82
2018-12-28,3140,3477,3140,112.55,364472.3
2018-12-27,3335,3371.51,3140,68.66,229877.54
2018-12-26,3330,3586.4,3300,0.939,3136.8
2018-12-25,3612.62,3612.62,3298,2.911,9733.93
2018-12-24,3501,4000,3473.83,69.12,255048.48
2018-12-23,3496.33,3787.77,3461.19,2.713,9683.8
2018-12-22,3388.02,3496.33,3354.32,3.876,13195.89
2018-12-21,3490,3599,2801,124.38,438840.49
2018-12-20,3250.22,3639,3207.85,10.23,35760.79
2018-12-19,3235.7,3466,3201,25.19,84087.0
2018-12-18,3080.17,3235.7,3000.01,6.53,20220.64
2018-12-17,2826.55,3174.29,2787.34,11.96,36392.72
2018-12-16,2831.14,2945.66,2813.81,2.437,6954.47
2018-12-15,2850,2851.49,2787.81,1.594,4498.24
2018-12-14,2867.47,2979.46,2815,66.51,194438.87
2018-12-13,3002,3162.1,2855.03,18.89,57104.7
2018-12-12,2975.62,3600,2950.2,3.735,11508.79
2018-12-11,3012.87,3053.89,2932,19.45,57945.91
2018-12-10,3101,3149.92,2972.31,3.718,11355.85
2018-12-09,3049.7,3174.45,2976.01,2.217,6715.08
2018-12-08,2980,3226.65,2781,3.142,9610.15
2018-12-07,3100,3300.59,2843.54,30.97,93667.15
2018-12-06,3272.68,3375,3100,70.13,227648.63
2018-12-05,3457.88,3483.23,3250.2,28.82,97948.77
2018-12-04,3421.58,3583.67,3313.29,12.5,43786.62
2018-12-03,3610,3619.05,3362.09,51.13,180568.81
2018-12-02,3688.04,3751.18,3584.08,1.582,5775.0
2018-12-01,3510.29,3749.26,3445.01,27.31,97404.76
2018-11-30,3706.3,3743.82,3256,19.58,69513.31
2018-11-29,3696.08,3858.13,3100,52.83,195821.55
2018-11-28,3346.15,3833.22,3346.15,54.61,200026.47
2018-11-27,3292.27,3416.7,3235.42,7.697,25520.92
2018-11-26,3490.72,3588.27,3152.31,80.24,268263.15
2018-11-25,3357.75,3591.24,3056.51,9.451,31200.57
2018-11-24,3783.35,3833.51,3250.01,14.07,50525.77
2018-11-23,3790.65,3801.29,3651.66,105.62,396888.01
2018-11-22,3946.43,3992,3773.3,40.26,157695.12
2018-11-21,3808.6,4050.85,3808.6,42.47,169306.44
2018-11-20,4245,4245,3608.03,44.62,172275.66
2018-11-19,4863.33,4879.22,4149.99,32.09,142705.07
2018-11-18,4816.71,4924.51,4810.67,1.366,6639.19
2018-11-17,4823.31,4912.73,4776.25,4.736,22946.04
2018-11-16,4931,4955.4,4785,6.846,33695.62
2018-11-15,4935.14,5449,4665.35,15.52,77778.17
2018-11-14,5560,5640.54,4761.13,33.9,179807.92
2018-11-13,5621.99,5676.39,5560,105.87,594297.95
2018-11-12,5593.31,5688.87,5593.31,44.33,250280.85
2018-11-11,5601.18,5667.85,5570,2.17,12132.8
2018-11-10,5576.27,5702.74,5576,16.97,95243.71
2018-11-09,5631.94,5668.79,5570,44.38,249972.41
2018-11-08,5689.35,5690,606,28.84,140155.59
2018-11-07,5630.02,5719.87,5595.48,12.88,73215.9
2018-11-06,5603.05,5670,5555.33,10.69,60225.65
2018-11-05,5624.32,5640.1,5516,12.56,70357.95
2018-11-04,5563.48,5638.51,5524,5.269,29509.67
2018-11-03,5580,5613,5550.01,4.312,24090.97
2018-11-02,5507.64,5620,5503.47,58.98,327362.49
2018-11-01,5572.01,5623.59,5507.64,128.51,709853.69
2018-10-31,5520.01,5632.01,5470,140.23,777882.4
2018-10-30,5518.53,5546,5485,74.93,413715.09
2018-10-29,5619.81,5632.01,5484.4,17.03,94288.97
2018-10-28,5625.01,5625.02,5616.07,0.2661,1494.94
2018-10-27,5639,5642.99,5609.3,0.7845,4408.49
2018-10-26,5622.87,5689,5574.6,1.918,10827.15
2018-10-25,5638.03,5677.98,5401,13.59,75861.22
2018-10-24,5576.75,5700,5572.05,19.11,108175.41
2018-10-23,5588.33,5661.69,5554.71,42.27,237473.84
2018-10-22,5599.9,5645,5470.01,155.57,866486.59
2018-10-21,5564.89,5649.95,5500.37,154.38,864023.22
2018-10-20,5555.29,5665.18,5452,10.72,59856.08
2018-10-19,5572.01,5585.86,5511.58,18.57,103345.39
2018-10-18,5621.47,5625.11,5450.01,16.12,89468.7
2018-10-17,5586.41,5658.8,5570.67,17.09,96011.13
2018-10-16,5561.92,5681.33,5510.01,17.56,98088.9
2018-10-15,5384.51,5791,5350.02,29.06,161306.18
2018-10-14,5391.4,5444.41,5379.49,6.221,33656.51
2018-10-13,5411.8,5444.05,5388.15,15.08,81438.82
2018-10-12,5344.15,5446.23,5343.37,12.26,66218.28
2018-10-11,5678.16,5679.33,5300.01,32.37,176770.21
2018-10-10,5727.09,5731.13,5625.02,16.03,90933.28
2018-10-09,5796.99,5800,5715.1,26.4,152126.44
2018-10-08,5699.65,5800,5674.3,21.63,124361.78
2018-10-07,5680.13,5707.82,5665.34,11.28,64085.52
2018-10-06,5705.52,5705.52,5671.01,5.029,28583.68
2018-10-05,5690.94,5718.15,5672.96,11.48,65213.19
2018-10-04,5596.67,5750.71,5596.67,7.109,40520.9
2018-10-03,5676.84,5676.84,5560,15.78,89182.81
2018-10-02,5734.8,5734.8,5659.33,91.12,516257.47
2018-10-01,5684.65,5750,5554,31.85,180257.31
2018-09-30,5677.48,5709.31,5630.54,19.66,111563.57
2018-09-29,5726.36,5728,5567.95,13.03,73489.26
2018-09-28,5739.39,5826.95,5682.84,52.97,302130.49
2018-09-27,5531.92,5785.88,5496,12.83,72351.16
2018-09-26,5498.01,5582.51,5433.74,76.81,424533.24
2018-09-25,5601,5639.99,5433.74,115.98,640339.53
2018-09-24,5716,5765.83,5585.64,4.045,22751.74
2018-09-23,5729.6,5778,5613.26,1.718,9798.47
2018-09-22,5783.99,5784.44,5452.52,6.001,33407.96
2018-09-21,5490.01,5784.43,5490.01,54.73,312906.83
2018-09-20,5476.93,5578.69,5452.51,18.55,101371.35
2018-09-19,5498.87,5600,5380.98,69.3,375152.48
2018-09-18,5375.85,5548.77,5365.56,15.24,82922.06
2018-09-17,5583.07,5640,5365.56,80.47,441994.92
2018-09-16,5665.52,5669,5505.8,14.84,82561.09
2018-09-15,5600,5669.39,5592.71,5.551,31108.6
2018-09-14,5629.78,8310,5500,65.72,375429.92
2018-09-13,5433.93,5665.93,5433.93,37.97,211557.62
2018-09-12,5490.38,5546.47,5400,40.3,218207.18
2018-09-11,5431,5590,5416.71,48.68,264500.29
2018-09-10,5502.53,5620,5417,13.81,75053.91
2018-09-09,5385.68,5699.96,5360,3.644,20038.81
2018-09-08,5546.97,5799,5350,107.17,590928.3
2018-09-07,5588.9,5645.9,5492.97,1.328,7404.58
2018-09-06,5925.24,5925.49,5452.45,153.15,868601.41
2018-09-05,6354.81,6400,5925.24,68.98,414354.56
2018-09-04,6268,6400,6268,7.583,48012.99
2018-09-03,6299.77,6325,6204,28.59,179084.24
2018-09-02,6199.77,6299.77,6141.94,0.4563,2842.45
2018-09-01,6117.6,6257.27,6028.4,2.387,14672.28
2018-08-31,5960,6144,5928.7,7.582,45608.0
2018-08-30,6009.33,6086.69,5743.28,73.12,426868.1
2018-08-29,6098.98,6100,6005,94.53,570748.48
2018-08-28,5807.74,6099.99,5807.74,50.52,304652.65
2018-08-27,5718,5909.99,5717.22,57.27,331159.13
2018-08-26,5847,5880.68,5690.52,2.107,12104.72
2018-08-25,5766.8,5914.6,5721.56,1.768,10247.68
2018-08-24,5644,5810.97,5597.08,8.768,49747.76
2018-08-23,5572.46,5644,5489,21.14,118104.37
2018-08-22,5675.38,5926.13,5458.44,104.93,594490.9
2018-08-21,5603.91,5709,5550.79,49.48,275950.63
2018-08-20,5620.01,5793.6,5603.91,32.4,181918.58
2018-08-19,5732.55,5742.78,5563.75,2.423,13727.76
2018-08-18,5751.12,5762,5586,41.76,236542.2
2018-08-17,5555,5793.6,5551.63,3.39,19355.42
2018-08-16,5527.99,5760.58,5485.3,66.09,369311.86
2018-08-15,5538.45,5882.18,5466.12,116.9,663292.49
2018-08-14,5657.78,5657.78,5231.9,84.09,453396.64
2018-08-13,5567.01,5749.98,5404.76,123.22,695911.99
2018-08-12,5778.75,5778.75,5469.11,75.33,422393.96
2018-08-11,5405.02,5793.29,5324.46,73.99,406364.79
2018-08-10,5696.8,5799.99,5320,100.21,565006.92
2018-08-09,5473.19,5801.72,5402.66,106.03,590455.32
2018-08-08,5792.83,5801.71,5309,94.23,527921.31
2018-08-07,6091.9,6229.96,5788.04,104.7,640475.69
2018-08-06,6067.79,6167.41,6021.65,119.52,724124.81
2018-08-05,6058.88,6544.8,6000,69.31,421978.5
2018-08-04,6486.58,6569.96,6000,75.17,469956.22
2018-08-03,6500.98,6581.23,6300.01,96.35,615873.93
2018-08-02,6549,6752.07,6467.22,100.93,665770.31
2018-08-01,6586.99,7360.95,6300.01,123.35,831741.28
2018-07-31,6959.94,7061.9,6541.47,116.66,792461.85
2018-07-30,6998.95,7073.72,6759.52,123.07,856964.91
2018-07-29,7031.9,7130.67,6913.2,67.21,471727.97
2018-07-28,6969.63,7091.45,6908.62,74.02,518061.43
2018-07-27,6803.5,7096,6727.83,106.73,736117.78
2018-07-26,7068.66,7137.06,6800,113.65,804642.12
2018-07-25,7163.15,7307.54,6700.02,101.14,711721.32
2018-07-24,6603.73,7168.45,6530,101.43,708696.12
2018-07-23,6302.29,6699.87,5900,105.19,685785.38
2018-07-22,6319.93,6449.99,6264.99,77.92,492934.45
2018-07-21,6203.03,6324.06,6055.8,82.22,513315.87
2018-07-20,6373.35,6400.4,6200.02,106.27,672669.71
2018-07-19,6242.84,6400,6120.05,119.27,754042.4
2018-07-18,6242.78,6400,6115,94.7,597283.8
2018-07-17,5694.39,6361.43,5507.09,163.39,950943.07
2018-07-16,5391.11,5699,5000.01,136.18,758455.65
2018-07-15,5352,5599,5000.01,90.43,481119.5
2018-07-14,5327.16,5422.94,5319.24,79.86,427116.98
2018-07-13,5292.45,5422.95,5292.45,134.47,723483.06
2018-07-12,5513.35,5513.35,5279.3,106.37,566253.92
2018-07-11,5440.01,5513.35,5400.37,104.19,568885.4
2018-07-10,5677.37,5843.99,5412.16,113.47,633979.34
2018-07-09,5690.86,5797.28,5655.31,108.66,620587.79
2018-07-08,5723,5843.76,5650,72.56,416893.6
2018-07-07,5630.08,5723,5570,59.3,333032.84
2018-07-06,5579.99,5707.59,5546.15,103.0,574964.87
2018-07-05,5700.38,5721.58,5560,102.03,576834.89
2018-07-04,5614.93,5848.76,5515.09,103.48,586261.8
2018-07-03,5682.1,5739.99,5491.38,95.67,541712.58
2018-07-02,5450,5746.4,5387.44,100.92,551762.96
2018-07-01,5431.73,5472.69,5328.8,64.66,349360.54
2018-06-30,5323,5472.69,5050,71.83,389006.98
2018-06-29,5119.35,5390,5018.09,97.64,496892.02
2018-06-28,5319.91,5376.91,5097.64,96.3,506926.64
2018-06-27,5277.22,5379.93,5160.02,105.01,551970.53
2018-06-26,5435.98,5442.37,5269.18,116.89,626909.1
2018-06-25,5272.79,5442.39,5260,121.02,645853.36
2018-06-24,5340.35,5429.98,5019,66.87,339992.94
2018-06-23,5200.33,5426.55,5200,62.82,329145.06
2018-06-22,5801,5848.95,5200.33,105.37,573130.12
2018-06-21,5823.54,5899.99,5759.99,106.75,621659.56
2018-06-20,5804.97,5891.85,5656.65,101.86,585101.74
2018-06-19,5765.65,5891.84,5760,107.71,624646.46
2018-06-18,5622.58,5880.96,5538.91,111.35,623565.01
2018-06-17,5596.22,5638.81,5538.92,65.95,368373.84
2018-06-16,5530.01,5642.38,5500,69.01,388402.3
2018-06-15,5766.32,5875.96,5530,115.69,653363.79
2018-06-14,5479.66,5884.6,5332.96,112.79,623822.33
2018-06-13,5540,5730.38,5331.96,130.49,735284.72
2018-06-12,5871.44,6049.99,5522.09,118.76,690678.72
2018-06-11,5815,5871.44,5700.48,101.25,582148.9
2018-06-10,6480.04,6480.04,5731.92,49.64,303960.12
2018-06-09,6480.16,6549.97,6480.04,45.16,292942.72
2018-06-08,6579.89,6580,6400.01,65.62,427355.22
2018-06-07,6503.92,6579.99,6498,88.6,578789.66
2018-06-06,6549.85,6860,6400,54.7,357123.1
2018-06-05,6430.96,6556.07,6326.97,7.439,47540.21
2018-06-04,6596.3,6630.76,6415,24.69,159953.96
2018-06-03,6557,6619.96,6445,4.189,27612.1
2018-06-02,6450.16,6750,6396.8,1.892,12529.38
2018-06-01,6431,6860,6335,2.583,16599.86
2018-05-31,6322.24,6868.88,6240.96,1.503,9713.21
2018-05-30,6445.29,6711.59,6186.98,5.206,33621.68
2018-05-29,6268.98,6680.96,6092.77,7.977,50666.22
2018-05-28,6274.67,6348.99,6124.99,28.98,181459.8
2018-05-27,6288.09,6511.78,6221.94,4.731,29690.78
2018-05-26,6408.68,6538,6280,6.139,39642.73
2018-05-25,6566.57,6689.61,6255.96,46.45,298150.33
2018-05-24,6548.3,6710.43,6250.01,62.2,398355.45
2018-05-23,7244.96,7244.96,6412.58,109.19,746146.0
2018-05-22,7368.18,7375.99,6871.01,11.1,78191.16
2018-05-21,7240.08,7376,7240.08,8.861,64227.57
2018-05-20,6982.17,7299.99,6969.91,7.414,52652.73
2018-05-19,6989.17,7196.8,6922.09,1.79,12533.19
2018-05-18,7038.13,7196.8,6850,20.42,141938.16
2018-05-17,7183.96,7249.99,6953,56.82,398007.66
2018-05-16,7155.84,7500,6911.58,3.775,27016.92
2018-05-15,7253.88,7388.36,7149.01,14.62,106703.14
2018-05-14,7323,7596.8,7022.09,3.781,27496.56
2018-05-13,7121.99,7839,7003.42,1.475,10839.12
2018-05-12,7071.69,7226.68,6889,1.678,11806.62
2018-05-11,7639.55,7777,7002.27,31.26,230930.9
2018-05-10,7854.03,7889.99,7639.55,35.77,278305.04
2018-05-09,7753.12,7886.07,7654.1,4.009,31085.31
2018-05-08,7820,7904.59,7670,5.505,42961.51
2018-05-07,7888.68,7941.76,7700.01,25.37,198293.34
2018-05-06,8096.41,8096.41,7850.05,1.886,14942.89
2018-05-05,7983.54,8173.83,7983.53,4.298,34742.81
2018-05-04,8074.01,8123.07,7810,48.42,390950.49
2018-05-03,7697.29,8074.01,7562.2,9.786,76946.55
2018-05-02,7553.73,7699.99,7470.97,47.36,359721.07
2018-05-01,7646.82,7711.48,7368.99,38.78,293897.32
2018-04-30,7757,7757,7253.31,39.88,292119.27
2018-04-29,7672.98,7869,7600.01,4.057,31220.25
2018-04-28,7488.96,7786.29,7480,1.852,14266.98
2018-04-27,7639,7929.43,7480,31.66,244080.44
2018-04-26,7343,7640,7122.09,9.917,72369.2
2018-04-25,7899.99,7918.75,7275.43,49.88,378789.07
2018-04-24,7339.98,7900,7276.01,7.66,58221.9
2018-04-23,7198.65,7346.84,7157.51,13.82,100565.92
2018-04-22,7131.99,7329.43,7129.03,5.775,41737.9
2018-04-21,7001,7190,6740.01,51.23,356028.13
2018-04-20,6703.6,7099.99,6703.6,59.78,418301.93
2018-04-19,6770.96,6849.99,6628.96,3.842,25982.0
2018-04-18,6711,6770.96,6440,7.275,47838.0
2018-04-17,6576.07,6880.96,6422,33.73,220953.35
2018-04-16,6900,7001,6558.87,19.06,126257.56
2018-04-15,6668,6900,6591,9.948,67021.68
2018-04-14,6642,6889,6576.19,31.19,205259.67
2018-04-13,6400,6900,6358,9.75,65075.7
2018-04-12,5780.96,6600,5532,62.4,388834.99
2018-04-11,5562,5794.97,5562,3.29,18598.59
2018-04-10,5471.96,5870,5457,2.886,16112.73
2018-04-09,5714.52,6130,5451,38.16,212139.86
2018-04-08,5680,5790,5680,4.125,23548.04
2018-04-07,5406,5822.09,5406,3.18,17910.39
2018-04-06,5499.99,5500,5400.01,0.9556,5220.95
2018-04-05,5699.98,5870,5500,25.63,142423.85
2018-04-04,6130.95,6132.97,5540,37.11,218679.58
2018-04-03,5710,6298.72,5705.26,6.55,39415.26
2018-04-02,5719,5881,5552.4,2.695,15468.41
2018-04-01,5905,5940,5301,9.269,51782.21
2018-03-31,5645,5999.64,5596.91,4.167,24121.49
2018-03-30,6123.57,6153.99,5347.75,8.165,47503.2
2018-03-29,6581,6639,5800.2,43.05,269586.19
2018-03-28,6523,6822.09,6366.96,21.53,139263.48
2018-03-27,6582.95,6999,6380.96,5.713,37842.23
2018-03-26,7116.72,7116.72,6400,22.06,148171.33
2018-03-25,7000,7122.04,6915.01,4.424,30963.69
2018-03-24,7205.02,7379.99,7000,7.537,54508.71
2018-03-23,7089.99,7205.02,6456.01,51.9,350116.71
2018-03-22,7348,7384.98,6943.42,25.87,183702.31
2018-03-21,7243.84,7479,6916.09,100.92,718054.94
2018-03-20,7079.99,7390,6310,86.49,605874.42
2018-03-19,6670,7198,6670,28.75,196812.1
2018-03-18,6811,6811.69,6071.45,7.002,44672.02
2018-03-17,6900,7199,6401,42.65,283028.46
2018-03-16,6797,7229,6636,14.06,98652.7
2018-03-15,6900,7140,6440,28.73,193005.71
2018-03-14,7516.89,7899,6630,97.73,697580.68
2018-03-13,7500,7935,7300.03,11.09,83961.72
2018-03-12,7905.05,8296,7440,21.99,173451.0
2018-03-11,7775,8179,7150,7.978,59887.87
2018-03-10,7800,7999,7502,7.839,60600.6
2018-03-09,7752,7995,7067.09,96.69,741511.3
2018-03-08,8387.97,8399,7715.45,46.26,371874.32
2018-03-07,8650.41,8944.98,7800,35.74,298362.31
2018-03-06,9330,9330,8150,40.59,357555.79
2018-03-05,9246.26,9437,8618.14,61.64,555167.48
2018-03-04,9243.6,9490,8732.2,25.43,226991.72
2018-03-03,8937,9389.96,8874.91,8.844,80908.27
2018-03-02,8937.2,9199,8732.2,41.53,371807.52
2018-03-01,8619.02,9099.99,8619.02,8.726,76207.87
2018-02-28,8703.05,9009.32,8619.02,16.35,142183.92
2018-02-27,8383.06,8860,8258.12,24.46,213200.96
2018-02-26,8035.99,8785,7715.45,18.7,151899.59
2018-02-25,7899.5,8249.99,7712.48,10.37,82102.82
2018-02-24,8320.98,8537.76,7712.48,28.16,225648.92
2018-02-23,8023.19,8559.98,7914.59,2.642,21848.44
2018-02-22,8500,9003.22,7910.01,29.55,245873.2
2018-02-21,9221,9275.29,8300.38,40.73,362715.95
2018-02-20,8999.99,9606.69,8980.91,41.88,389894.41
2018-02-19,8500,9079.19,8430.01,23.37,206319.71
2018-02-18,8911.69,9316.76,8310,12.25,106378.83
2018-02-17,8243,8949.01,8197,16.67,144114.38
2018-02-16,8193.94,8399,7856.72,33.0,269328.28
2018-02-15,7777.4,8200,7650,25.59,204604.52
2018-02-14,7000,7791.9,6903.97,26.51,197076.59
2018-02-13,7271.01,7271.01,6850,47.53,332391.24
2018-02-12,6615.5,7285,6615.5,42.95,304506.61
2018-02-11,6972.56,6995,6450,46.77,314636.67
2018-02-10,7040,7400,6752,11.3,80360.63
2018-02-09,6741.11,7388,6405.24,18.2,124500.3
2018-02-08,6387.96,7600,6387.55,55.74,380994.97
2018-02-07,6050.13,7250.22,5820,37.8,244368.82
2018-02-06,5500,6390,4705,40.66,232426.48
2018-02-05,6596.87,6850,5236.85,84.14,483519.84
2018-02-04,7249.88,7506.72,6360.12,18.04,122187.02
2018-02-03,7198.19,7699.88,6452.99,10.25,73163.81
2018-02-02,7348.95,8400,6262.22,155.34,1043019.5
2018-02-01,8239.3,8239.4,6938.36,134.81,1002942.91
2018-01-31,8020,8700,7800,44.63,360130.26
2018-01-30,9083.37,9083.37,8000,108.2,933580.93
2018-01-29,9380,9386.2,9012.36,34.41,313235.74
2018-01-28,9100,9489.98,9021,28.48,265612.22
2018-01-27,9200,9499.99,8582.59,21.89,198090.84
2018-01-26,9107.7,9485,8582.59,26.28,235425.46
2018-01-25,9100.3,10450,8806,42.27,394150.3
2018-01-24,9035,9314,8800,30.11,267332.78
2018-01-23,8994.98,10300,8500,80.25,710523.66
2018-01-22,9769.3,9919,8500,78.91,736780.17
2018-01-21,10629.8,10632,9280,21.53,211823.43
2018-01-20,9618,12282,9618,18.68,198584.54
2018-01-19,9561,10198.8,9519.04,42.18,408228.51
2018-01-18,9327.99,11028,7100,29.2,279133.74
2018-01-17,9598,10000,7601,91.13,775783.68
2018-01-16,11696.95,11696.95,8190.15,204.62,2124701.41
2018-01-15,11370,12388.46,11346.65,16.32,193694.13
2018-01-14,11999,12048.41,11301,15.16,175529.44
2018-01-13,11785,13000,11610.01,8.046,97235.55
2018-01-12,11501,12290,11491.17,13.44,156863.28
2018-01-11,12396,12998,11493.17,31.87,381314.32
2018-01-10,12896.9,12996.89,12014.19,51.24,631581.43
2018-01-09,13174.97,13365,12550.45,28.62,366571.99
2018-01-08,13480,13750,12811.38,43.54,570359.25
2018-01-07,14110,14110,13300.21,5.456,74833.7
2018-01-06,14200,14347.95,13204,10.17,140383.54
2018-01-05,12730.01,14379.98,12730.01,20.72,278643.87
2018-01-04,12741.73,13115,12400,13.48,172098.39
2018-01-03,12660.02,13334.98,12606.93,15.9,207111.57
2018-01-02,11902.22,13599.99,11650.98,18.23,225641.79
2018-01-01,11605.55,12698.1,11605.55,1.103,13178.6
2017-12-31,11200,12780,11000.11,13.0,153443.18
2017-12-30,12789,12800,11200,83.8,994551.32
2017-12-29,12999,13050.67,12001,9.994,126668.39
2017-12-28,13485,13777.27,12227,48.39,619227.74
2017-12-27,13557.1,14666,13119.17,29.81,404573.55
2017-12-26,12640,14047,12325,8.777,117199.8
2017-12-25,12300,12899.99,11651.1,4.838,60046.29
2017-12-24,13194.98,13441.76,11601,9.363,117158.34
2017-12-23,12825.63,15300,12631.01,26.76,372253.5
2017-12-22,14225.99,14900,11108.32,107.46,1393294.92
2017-12-21,14970,15300,13665.02,212.18,3027824.57
2017-12-20,15499,21799,14188,82.86,1265995.52
2017-12-19,15950,16300,15050,54.82,857292.0
2017-12-18,15515.52,15962,14500,19.66,304947.61
2017-12-17,15999.99,16175,14770,10.35,163377.82
2017-12-16,14700,15999.99,14670.01,16.45,251235.65
2017-12-15,13995,15153.66,13750.98,67.47,976877.56
2017-12-14,13902,14241.8,13750.88,15.93,221243.27
2017-12-13,14200,14598,13810,56.45,796580.59
2017-12-12,14000.01,14599,13753,114.02,1598883.69
2017-12-11,12700,14599,12500.11,24.24,338066.88
2017-12-10,12489,13129,11011.03,10.49,129324.81
2017-12-09,13380,13649.95,11445.7,17.38,216458.09
2017-12-08,14279.9,14499.99,12400,70.75,908014.57
2017-12-07,11998,14499.99,11362.07,49.56,646876.31
2017-12-06,9961.07,12000,9500,35.07,377106.72
2017-12-05,9619.95,10100,9400.01,27.69,272045.25
2017-12-04,9299.99,9699.99,9128.61,31.79,303627.92
2017-12-03,9248.99,9248.99,9248.99,0.0,0.0
2017-12-02,9028.03,9260,9001,4.306,39441.85
2017-12-01,8318.82,9250,8060,28.81,254539.61
2017-11-30,4018,4018,4018,0.0,0.0
2017-11-29,4018,4018,4018,0.0,0.0
2017-11-28,4018,4018,4018,0.0,0.0
2017-11-27,4018,4018,4018,0.0,0.0
2017-11-26,4018,4018,4018,0.0,0.0
2017-11-25,4018,4018,4018,0.0,0.0
2017-11-24,4018,4018,4018,0.0,0.0
2017-11-23,4018,4018,4018,0.0,0.0
2017-11-22,4018,4018,4018,0.0,0.0
2017-11-21,4018,4018,4018,0.0,0.0
2017-11-20,4018,4018,4018,0.0,0.0
2017-11-19,4018,4018,4018,0.0,0.0
2017-11-18,4018,4018,4018,0.0,0.0
2017-11-17,4018,4018,4018,0.0,0.0
2017-11-16,4018,4018,4018,0.0,0.0
2017-11-15,4018,4018,4018,0.0,0.0
2017-11-14,4018,4018,4018,0.0,0.0
2017-11-13,4018,4018,4018,0.0,0.0
2017-11-12,4018,4018,4018,0.0,0.0
2017-11-11,4018,4018,4018,0.0,0.0
2017-11-10,4018,4018,4018,0.0,0.0
2017-11-09,4018,4018,4018,0.0,0.0
2017-11-08,4018,4018,4018,0.0,0.0
2017-11-07,4018,4018,4018,0.0,0.0
2017-11-06,4018,4018,4018,0.0,0.0
2017-11-05,4018,4018,4018,0.0,0.0
2017-11-04,4018,4018,4018,0.0,0.0
2017-11-03,4018,4018,4018,0.0,0.0
2017-11-02,4018,4018,4018,0.0,0.0
2017-11-01,4018,4018,4018,0.0,0.0
2017-10-31,4018,4018,4018,0.0,0.0
2017-10-30,4018,4018,4018,0.0,0.0
2017-10-29,4018,4018,4018,0.0,0.0
2017-10-28,4018,4018,4018,0.0,0.0
2017-10-27,4018,4018,4018,0.0,0.0
2017-10-26,4018,4018,4018,0.0,0.0
2017-10-25,4018,4018,4018,0.0,0.0
2017-10-24,4018,4018,4018,0.0,0.0
2017-10-23,4018,4018,4018,0.0,0.0
2017-10-22,4018,4018,4018,0.0,0.0
2017-10-21,4018,4018,4018,0.0,0.0
2017-10-20,4018,4018,4018,0.0,0.0
2017-10-19,4018,4018,4018,0.0,0.0
2017-10-18,4018,4018,4018,0.0,0.0
2017-10-17,4018,4018,4018,0.0,0.0
2017-10-16,4018,4018,4018,0.0,0.0
2017-10-15,4018,4018,4018,0.0,0.0
2017-10-14,4018,4018,4018,0.0,0.0
2017-10-13,4018,4018,4018,0.0,0.0
2017-10-12,4018,4018,4018,0.0,0.0
2017-10-11,4018,4018,4018,0.0,0.0
2017-10-10,3964,4018,3964,0.01867,74.87
2017-10-09,3860,3960,3860,1.583,6174.04
2017-10-08,3754.49,3919,3745.02,3.391,12919.59
2017-10-07,3715.1,3772.96,3713,0.5191,1956.67
2017-10-06,3759.96,3784.93,3740,12.29,46382.84
2017-10-05,3610.95,3754,3584.09,0.3543,1309.76
2017-10-04,3645.01,3676.91,3500,2.068,7449.6
2017-10-03,3695.04,3791,3642.05,0.6209,2271.53
2017-10-02,3660,3845,3660,1.379,5165.34
2017-10-01,3665.71,3665.99,3561.03,1.957,7132.22
2017-09-30,3549,3670,3490.02,3.568,12852.38
2017-09-29,3589,3589,3350,1.544,5422.19
2017-09-28,3524.02,3596,3420,2.965,10284.17
2017-09-27,3369.36,3499.26,3325,3.594,12166.02
2017-09-26,3335,3378.61,3270.9,1.516,5060.59
2017-09-25,3136,3136,3136,0.0,0.0
2017-09-24,3136,3136,3136,0.0,0.0
2017-09-23,3136,3136,3136,0.0,0.0
2017-09-22,3144.97,3240,3050,10.67,33306.06
2017-09-21,3379.99,3380,3060.06,137.3,450880.05
2017-09-20,3370,3469.99,3344.5,11.09,37419.49
2017-09-19,3470,3518.07,3344.52,66.11,224704.67
2017-09-18,3134.22,3554,2828.74,22.26,74631.21
2017-09-17,3155.04,3244.99,3007.01,5.185,16035.65
2017-09-16,3130.71,3369.97,2900.02,28.26,90215.77
2017-09-15,2780.51,3449,2511,31.47,89944.51
2017-09-14,3429.99,3497.5,2780.51,140.59,436442.24
2017-09-13,3697.95,3720,3200,289.82,1044338.23
2017-09-12,3739.99,4198,3697.95,154.3,587858.32
2017-09-11,3716.5,3859.9,3709.16,34.09,126892.67
2017-09-10,3710.01,3874.99,3710,7.967,29649.83
2017-09-09,3720.02,3880,3710,7.947,29966.5
2017-09-08,3916.01,4247,3710,77.32,291345.73
2017-09-07,3911.03,4168.5,3900,5.306,21200.07
2017-09-06,3930,4199,3865,9.11,36736.26
2017-09-05,3728,3940,3711.02,7.017,26684.17
2017-09-04,3889.29,4026.7,3711.02,17.02,63991.37
2017-09-03,3950,4030,3805.01,5.29,20774.75
2017-09-02,4160,4187.77,3900,11.97,47832.69
2017-09-01,3999,4160,3979.5,12.29,50497.31
2017-08-31,3874.5,4180,3820.01,19.26,75630.77
2017-08-30,3865,3889,3758,14.31,55124.34
2017-08-29,3694.99,3890.99,3639.44,5.116,19323.24
2017-08-28,3668.01,3700.99,3600,7.764,28476.65
2017-08-27,3660.1,3798.99,3655,7.13,26471.86
2017-08-26,3815.03,3893.99,3650,3.859,14348.74
2017-08-25,3610.27,4299,3610.02,19.15,73476.35
2017-08-24,3531.01,3702,3530.02,32.79,118649.9
2017-08-23,3521,3673,3520,7.811,28209.95
2017-08-22,3372.01,3631.67,3250.01,38.63,136197.18
2017-08-21,3600,3698,3372.01,11.67,41044.99
2017-08-20,3698,3698.99,3505,3.898,14149.44
2017-08-19,3596.37,3699.97,3435.05,27.42,100132.69
2017-08-18,3746,3952.02,3369.84,66.46,245058.66
2017-08-17,3699,4399.65,3650.02,7.795,29750.25
2017-08-16,3433.63,3700,3358,11.64,42089.34
2017-08-15,3698.72,3799,3290.24,9.15,32828.55
2017-08-14,3450,3799.87,3450,16.3,58910.82
2017-08-13,3320,3650,3050,8.793,29571.24
2017-08-12,3149.99,3375,3118.16,4.164,13488.88
2017-08-11,2929.29,3149.99,2929.29,7.571,23121.59
2017-08-10,2851.67,3044,2851.67,8.302,24449.59
2017-08-09,2900,2959.75,2700,9.065,25885.25
2017-08-08,2804.16,2920,2739,4.034,11478.99
2017-08-07,2699.99,2888.99,2640,9.688,27015.09
2017-08-06,2660,2779.95,2625,5.827,15534.47
2017-08-05,2412.6,2795,2412.6,13.8,36350.26
2017-08-04,2374.99,2487.99,2372,3.5,8388.95
