Date,Price,High,Low,Volume ETH,Volume USDT
2020-06-12,230.51,234.95,228.19,126056.32,29295445.98
2020-06-11,247.78,250.09,226.2,816456.89,195063781.28
2020-06-10,243.8,250.28,242,431285.62,105797248.25
2020-06-09,246.4,249.82,238,420327.17,102374504.57
2020-06-08,244.56,247.7,240.59,383116.55,93355224.97
2020-06-07,241.94,245.37,234.6,571102.56,137165732.65
2020-06-06,240.03,244.7,237.83,389423.08,93979350.81
2020-06-05,243.21,247.87,239.14,502547.41,122084004.52
2020-06-04,244.52,246.6,236,669369.34,162460397.63
2020-06-03,237.71,245,232.71,502928.13,120179301.18
2020-06-02,248.23,253.8,225,955520.92,230680327.31
2020-06-01,231.57,250.68,230.66,823816.7,198791911.85
2020-05-31,243.66,245.39,229.58,821608.69,194867426.29
2020-05-30,220.67,247,218.8,1019550.75,238678839.81
2020-05-29,220.21,224.79,217.57,603058.08,133220045.5
2020-05-28,208.29,220.5,204.67,643945.98,136361627.35
2020-05-27,200.89,208.44,200.76,494816.73,101445351.03
2020-05-26,204.15,205,196.9,477176.74,96116808.86
2020-05-25,199.9,205.67,198.01,469931.62,95411610.8
2020-05-24,206.6,210.55,199.5,673535.06,138917619.23
2020-05-23,207.36,211.2,204.55,478559.92,99461068.1
2020-05-22,198.74,209.19,196.24,787672.36,159972608.53
2020-05-21,209.98,211.64,191.71,1003923.43,203445710.96
2020-05-20,214.58,215.75,204.27,679532.61,143704806.18
2020-05-19,214.91,215.95,209.45,643702.99,136846948.56
2020-05-18,207,217.07,207,1064139.25,226789027.15
2020-05-17,200.45,209.85,199.68,708711.89,145341278.68
2020-05-16,194.86,203.5,193.21,669900.04,134060788.49
2020-05-15,203.29,204.08,191.66,904749.64,179634085.62
2020-05-14,199.58,206.02,195.67,1114700.25,224233786.13
2020-05-13,189.76,201,188.35,806143.01,156637596.37
2020-05-12,185.73,192.24,185.48,669755.8,126810812.17
2020-05-11,187.54,193.5,176,1093299.82,203391530.21
2020-05-10,210.07,210.18,179.59,1473226.05,278394290.76
2020-05-09,211.31,214.6,208.4,587871.98,124626471.43
2020-05-08,212,216.61,206.9,917908.19,194579529.43
2020-05-07,198.97,215.1,196.43,1305778.74,271197927.67
2020-05-06,205.29,210.77,197.71,862700.68,178157452.6
2020-05-05,206.48,211.68,201,640644.66,131906204.91
2020-05-04,209.86,210.65,194.88,1114249.33,225451167.66
2020-05-03,213.9,219.3,203.92,748383.91,158874887.08
2020-05-02,212.02,215.37,210.36,443494.67,94389501.52
2020-05-01,206.08,217.14,205.91,794913.96,168339123.36
2020-04-30,215.36,227.3,202,1749691.0,374893029.77
2020-04-29,196.24,218.77,196.22,1620422.72,338324593.64
2020-04-28,196.34,198.5,192.36,636829.89,124476041.89
2020-04-27,197.38,199.05,189.29,896627.37,174775637.93
2020-04-26,194.21,200,192.3,758525.82,148433709.78
2020-04-25,187.59,198.36,185.76,866478.05,167703202.43
2020-04-24,185.51,189.8,184.72,780904.21,146419748.08
2020-04-23,182.7,193.63,178.16,1457867.09,270862911.37
2020-04-22,170.74,184,169.78,988698.39,176079076.93
2020-04-21,170.2,174.7,168,906381.65,155292048.44
2020-04-20,180.03,186.46,166.7,1547821.53,273854539.8
2020-04-19,187.4,188.35,175.75,995759.58,181415813.5
2020-04-18,170.69,189.54,170.48,1127296.37,203132211.96
2020-04-17,172.29,174.96,168.31,723537.76,123553456.32
2020-04-16,152.73,174.79,148.33,1647207.6,273639160.07
2020-04-15,158.45,161.29,152,729119.67,114640840.12
2020-04-14,156.29,161.85,155.23,698030.65,110710086.1
2020-04-13,158.59,158.97,150,1042091.04,160423270.3
2020-04-12,158.33,164.78,155,809100.25,129919934.44
2020-04-11,157.81,161.37,153.91,621599.61,98275533.06
2020-04-10,169.52,170.1,152.11,1314841.36,209535613.32
2020-04-09,173.11,173.38,165.19,719837.24,122531131.96
2020-04-08,164.63,174.48,163.59,1023575.92,173916484.79
2020-04-07,171.32,176.22,162.22,1717962.83,292710722.58
2020-04-06,142.68,172,142.6,1636338.73,257097597.78
2020-04-05,144.1,145.58,140.68,414987.45,59383946.13
2020-04-04,141.31,146.28,138.88,553347.21,78771621.25
2020-04-03,141.28,146.72,137.26,797546.11,113731706.72
2020-04-02,135.69,149.76,135.01,1138977.66,159989506.6
2020-04-01,132.72,136.99,128.62,680922.25,90063924.23
2020-03-31,132.06,135,130.38,547669.28,72618183.48
2020-03-30,124.5,135.42,124.06,764831.93,100271145.86
2020-03-29,130.98,131.84,123.81,543997.0,69434202.21
2020-03-28,131.33,132.97,124.88,896032.11,115166651.97
2020-03-27,138.4,141.27,129.68,706948.55,96581886.88
2020-03-26,136.1,139.74,133.26,751060.63,101918769.67
2020-03-25,138.42,142.33,132.54,1034248.74,141795323.03
2020-03-24,135.92,143.36,132.2,1244377.16,171156363.69
2020-03-23,122.32,137.5,119.5,1436796.12,184851609.12
2020-03-22,132.66,137.13,121.1,1055699.87,135927941.08
2020-03-21,133.48,137.49,125.69,1231842.11,162468451.77
2020-03-20,136.3,152.55,116.74,2504057.64,345856006.75
2020-03-19,118.11,143.13,115.46,1801071.19,231626928.16
2020-03-18,115.67,118.5,109.86,1201850.31,137550912.09
2020-03-17,111.02,120.8,109.38,1295108.48,150800664.07
2020-03-16,123.78,124.33,101.1,2442064.14,270353891.81
2020-03-15,122.54,133.5,120.16,1312950.9,163436235.27
2020-03-14,134.06,134.68,120,1237674.89,159192895.55
2020-03-13,107.82,139.68,86,4663239.93,560710331.84
2020-03-12,194.61,195.55,101.2,3814533.14,548668262.23
2020-03-11,200.7,203.18,181.73,1079824.9,208232375.19
2020-03-10,202.81,206.2,195.54,1020260.11,205536190.19
2020-03-09,199.43,208.62,190,1661331.84,332570408.54
2020-03-08,237.23,237.23,195.5,1278973.54,277970187.87
2020-03-07,244.88,251.93,236,633748.9,154037325.61
2020-03-06,228.38,245.16,227.33,628147.33,148563741.83
2020-03-05,224.26,234.09,224.23,601479.88,138081898.29
2020-03-04,223.91,228.85,220.23,425050.28,95438066.19
2020-03-03,231.97,232.46,219.57,700272.18,158748020.41
2020-03-02,217.81,234.4,216.07,758006.68,171170074.64
2020-03-01,217.21,227.89,212.36,668295.93,146809248.97
2020-02-29,226.76,233,217,515094.86,116461305.18
2020-02-28,227.79,234.67,214.01,986146.67,220679444.17
2020-02-27,223.93,238.3,210,1183975.86,267102824.95
2020-02-26,246.67,250.32,215.66,1287623.05,299185710.87
2020-02-25,265.52,266.22,244.44,717649.65,182912035.33
2020-02-24,274.48,277.2,257.09,650950.16,173787880.48
2020-02-23,261.57,275.68,261.02,418526.36,112943424.67
2020-02-22,265.27,266.81,256,298377.68,77946875.29
2020-02-21,256.96,268.24,253.61,497792.41,130500107.35
2020-02-20,258.45,264.33,245.34,901509.83,231103274.96
2020-02-19,282.61,285,251.56,644589.32,175285824.01
2020-02-18,267.85,285.88,258,1031283.77,281171988.2
2020-02-17,258.85,268.77,242,1032013.25,260587600.27
2020-02-16,264.88,274,237.41,1018461.31,262816513.17
2020-02-15,285.15,288.41,261.86,790454.21,217055957.95
2020-02-14,268.32,287.15,260.28,684464.77,187263398.47
2020-02-13,265.74,277.69,256.08,1011436.81,270614332.61
2020-02-12,236.69,275.34,236.69,963171.41,247432452.61
2020-02-11,222.89,239.15,218.17,562753.63,128349395.73
2020-02-10,228.49,229.4,216.37,478273.92,106265469.63
2020-02-09,223.05,230.65,222.86,332848.82,75699299.01
2020-02-08,223.33,227.75,213.22,517161.42,115090436.92
2020-02-07,213.19,225,213.14,592719.22,130454546.41
2020-02-06,203.78,216.33,201.02,570248.32,119880246.47
2020-02-05,188.91,207.61,188.19,519658.37,102470847.31
2020-02-04,189.69,191.6,184.69,352075.61,66035866.04
2020-02-03,188.44,195.19,186.62,395877.93,75286672.7
2020-02-02,183.6,193.43,179.1,522974.41,98521833.63
2020-02-01,179.99,184.28,179.23,248894.59,45354872.22
2020-01-31,184.69,185.82,175.22,366753.1,66236792.63
2020-01-30,173.72,187,170.93,454700.34,81049668.32
2020-01-29,175.64,178.45,173.33,304544.32,53722594.27
2020-01-28,170.08,176.2,170.03,453091.09,78136436.79
2020-01-27,167.86,172.56,165.22,350541.8,59247889.07
2020-01-26,160.35,168.08,159.41,242715.51,39785481.66
2020-01-25,162.54,162.79,157.61,212430.29,33997912.86
2020-01-24,162.81,164.45,155.55,408675.73,65566039.99
2020-01-23,168.07,168.2,159.21,356492.08,58213358.74
2020-01-22,169.49,171.47,166.03,262360.65,44239157.68
2020-01-21,166.87,170.32,164.8,296061.29,49612520.37
2020-01-20,166.79,169.33,161.24,344308.07,57012558.32
2020-01-19,174.14,178.05,161.66,590460.39,99921047.78
2020-01-18,169.85,179.5,164.92,648779.16,112443904.23
2020-01-17,164.21,174.81,162.14,728816.58,123404702.28
2020-01-16,166.4,167.4,157.8,436728.25,70887785.19
2020-01-15,165.64,171.98,159.2,682321.61,112726563.22
2020-01-14,143.58,171.7,143.51,1039531.63,162672528.51
2020-01-13,146.54,147,142.27,199870.41,28720164.84
2020-01-12,142.38,146.6,141.76,222040.14,32030854.2
2020-01-11,144.84,148.05,142.09,353193.99,50961058.63
2020-01-10,137.74,145.17,135.32,391085.16,54795122.16
2020-01-09,140.72,141.5,135.3,351351.39,48576609.83
2020-01-08,142.8,147.77,137.03,544245.87,77457458.44
2020-01-07,144.15,145.31,138.76,428370.82,61099348.85
2020-01-06,135.37,144.41,134.86,390887.66,54988844.02
2020-01-05,134.2,138.19,134.19,245430.22,33409389.29
2020-01-04,134.35,135.85,132.5,177443.01,23726825.61
2020-01-03,127.19,135.14,125.88,393667.19,51594031.35
2020-01-02,130.77,130.78,126.38,205584.82,26439112.56
2020-01-01,129.16,133.05,128.68,139914.06,18315112.72
2019-12-31,131.59,133.68,128.17,253609.59,33199288.04
2019-12-30,134.36,136.24,130.3,310948.96,41385306.38
2019-12-29,128.11,138.07,127.52,305028.93,40385912.31
2019-12-28,126.29,129.68,125.84,190522.36,24362386.14
2019-12-27,125.58,127.1,121.91,230480.93,28830200.9
2019-12-26,125.09,132.26,124.32,264761.45,33640422.58
2019-12-25,127.75,127.84,123.07,217072.14,27152035.96
2019-12-24,127.8,129.69,126.61,195568.05,25019412.52
2019-12-23,132.09,135.1,126,403444.63,53113907.43
2019-12-22,126.99,133.07,126.82,243709.39,31709681.4
2019-12-21,128.19,128.4,126.5,132720.05,16884321.51
2019-12-20,128.1,129.39,125.84,207985.43,26512592.56
2019-12-19,132.78,134,125.69,403979.3,51631958.77
2019-12-18,121.88,134.87,116.26,833851.78,104177536.78
2019-12-17,132.73,132.98,119.11,532872.03,67861133.0
2019-12-16,142.46,142.72,127.93,437497.77,59139271.74
2019-12-15,141.79,144.12,139.92,145016.98,20618644.83
2019-12-14,144.8,145.07,141.18,120631.41,17228895.74
2019-12-13,144.87,146,142.8,154820.14,22356480.7
2019-12-12,143.39,145.85,139.24,251411.47,35967896.26
2019-12-11,145.56,146.34,142.12,151158.71,21813150.33
2019-12-10,147.38,148.57,143.81,196037.39,28695511.49
2019-12-09,150.44,151.19,146.56,234892.89,35021302.17
2019-12-08,147.14,151.62,146.11,198798.49,29636206.41
2019-12-07,148.45,149.49,146.85,137623.89,20378153.13
2019-12-06,148.1,149.77,145.74,214043.49,31571079.16
2019-12-05,145.38,149.02,143.64,290195.84,42477649.02
2019-12-04,147.17,151.98,143.15,413893.63,60816459.89
2019-12-03,148.65,149.93,145.77,190321.22,28172113.95
2019-12-02,150.73,151.42,146.71,226368.37,33657545.76
2019-12-01,151.37,152.49,145.79,333805.18,49605475.6
2019-11-30,154.57,155.25,149.7,218242.2,33306015.62
2019-11-29,150.72,157.6,150.23,315232.94,48567578.38
2019-11-28,152.62,154.63,149.09,308095.64,46862761.54
2019-11-27,147.47,155.54,140.84,539755.24,79800282.92
2019-11-26,145.69,149.97,143.37,342000.93,50110636.19
2019-11-25,139.96,151.5,131.45,711134.93,100759034.77
2019-11-24,151.84,152.86,138.62,336632.03,49223900.92
2019-11-23,149.56,154.33,146.11,357594.29,53769734.85
2019-11-22,161.01,162.79,138,914039.56,138017241.52
2019-11-21,174.72,175.85,157.26,443493.41,73609842.18
2019-11-20,175.94,177.41,173.5,209156.3,36743385.21
2019-11-19,178.2,178.52,172.65,265307.87,46558860.83
2019-11-18,183.82,184.06,175.01,279081.64,50387496.8
2019-11-17,182.37,186.09,180,190857.89,35035505.71
2019-11-16,180,183.46,179.3,167665.99,30446498.61
2019-11-15,184.92,186.7,177.67,386654.39,70424985.1
2019-11-14,188.11,188.72,183.34,235062.8,43589930.86
2019-11-13,187.09,189.66,185.3,190888.69,35739562.15
2019-11-12,184.98,187.65,182.41,246483.11,45728031.54
2019-11-11,188.96,190.19,184.06,246368.68,46028172.19
2019-11-10,184.89,191.58,183.3,260963.45,49015886.33
2019-11-09,183.74,185.79,182.63,187106.31,34525992.08
2019-11-08,186.68,188.26,181.41,351666.53,64847399.15
2019-11-07,191.16,192.27,184.59,292788.86,
2019-11-06,188.68,195.09,187.72,328894.68,62734469.41
2019-11-05,185.71,192.51,182.22,371172.2,69563505.73
2019-11-04,181.54,188.64,180.36,310127.55,57308389.47
2019-11-03,182.91,184.7,178.95,225932.4,41044502.83
2019-11-02,182.85,186,181.53,173813.07,31827733.25
2019-11-01,182.18,184.5,177.02,317983.8,57639173.63
2019-10-31,183.13,185.27,177.66,394469.01,71703651.96
2019-10-30,190.46,191.71,179.28,512800.46,94898691.95
2019-10-29,181.72,192.74,181.26,506155.87,94569475.32
2019-10-28,183.75,189.48,180.35,556620.52,102226266.72
2019-10-27,179.49,188.7,176.22,689200.89,125882240.89
2019-10-26,181.5,197.74,173.8,1130585.89,207900555.36
2019-10-25,160.38,187.78,160.25,849292.14,147717399.8
2019-10-24,162.35,163.72,158.72,371110.87,59810574.76
2019-10-23,171.2,171.49,153.45,708189.51,114846484.88
2019-10-22,173.98,175.04,170.3,247181.29,42751256.73
2019-10-21,175.22,177.9,171.59,260666.49,45469222.59
2019-10-20,171.79,176.88,169.21,289260.18,49948123.83
2019-10-19,172.74,174.98,169.44,286263.23,49430471.72
2019-10-18,177.16,177.44,168.66,305440.58,52841260.94
2019-10-17,174.47,178.96,172.61,290449.49,51108292.0
2019-10-16,180.49,181.44,171.81,332405.5,58485276.52
2019-10-15,186.72,188.37,175.96,387050.59,70641015.86
2019-10-14,180.99,187.54,180.43,269170.77,49546842.29
2019-10-13,179.68,184.95,178.52,239199.0,43543242.64
2019-10-12,180.72,184.64,177.59,279788.67,50965734.81
2019-10-11,191.14,196.65,179.41,591383.47,110203826.55
2019-10-10,192.62,194.2,186.88,422547.23,80689331.12
2019-10-09,180.6,195.53,178.96,534724.89,100311424.07
2019-10-08,179.85,184.87,177,389765.25,70433567.67
2019-10-07,170.1,182.32,168.68,475093.57,83824351.25
2019-10-06,176.25,177.04,167.68,301841.03,51999909.55
2019-10-05,175.55,176.71,172.02,270609.34,47271313.39
2019-10-04,174.69,178.98,170.74,325127.03,56932366.85
2019-10-03,180.24,180.72,169.55,340721.86,59558818.25
2019-10-02,175.66,181.29,173.65,338868.8,59865827.63
2019-10-01,180.85,185.53,173.19,586545.58,105161166.9
2019-09-30,169.24,181.24,165.01,554168.15,95914938.64
2019-09-29,173.49,174.5,164.12,392597.9,66248760.77
2019-09-28,173.79,175.49,168,498053.68,86032077.29
2019-09-27,165.92,176.72,161.03,609465.32,102179168.13
2019-09-26,169.96,171.01,152.11,733245.19,120346284.73
2019-09-25,165.81,174.85,161.88,836755.71,140536612.73
2019-09-24,201.29,202.98,150.03,1363213.86,243379297.33
2019-09-23,211.2,211.68,198.65,370778.41,76480240.57
2019-09-22,215.05,215.61,206.1,429674.79,90355426.04
2019-09-21,218.03,221.5,213.2,401268.72,87031266.85
2019-09-20,220.24,221.54,212.05,419691.04,91139018.99
2019-09-19,210.21,223.94,202.3,798364.11,169765924.51
2019-09-18,207.84,217.27,207.66,513120.86,109185207.85
2019-09-17,197.22,215.13,195.74,679750.83,138537974.9
2019-09-16,189.03,199.44,188.3,528337.79,102062343.96
2019-09-15,188.13,190.45,185.76,280767.97,52838135.4
2019-09-14,180.95,188.79,179.75,267890.02,49301727.59
2019-09-13,180.72,181.38,177.54,256498.05,45962397.18
2019-09-12,178.28,182.38,176.62,197575.01,35351888.23
2019-09-11,179.81,182.8,173,266594.87,47528584.59
2019-09-10,180.54,184.36,177,230231.59,41596161.55
2019-09-09,181.19,185.38,176.01,261713.25,47173776.11
2019-09-08,177.62,184.18,176.13,275778.2,49842584.39
2019-09-07,169.08,180.8,168.3,241491.41,42124248.56
2019-09-06,173.75,177.87,165,296625.44,51273807.39
2019-09-05,174.72,176.19,168.1,221555.38,38312850.42
2019-09-04,178.75,180.14,173,274523.51,48560376.96
2019-09-03,178.05,183,174.09,310855.34,55583824.36
2019-09-02,170.74,181,170.02,282280.98,49273287.05
2019-09-01,171.57,173.42,167.61,183240.54,31281728.17
2019-08-31,168.5,174.98,165.63,187480.91,31707801.22
2019-08-30,169.01,170.77,165.55,228759.94,38554989.34
2019-08-29,173.03,173.5,163.61,281855.76,47581787.34
2019-08-28,187.24,188.25,166.48,310652.09,55302425.27
2019-08-27,188.67,189.49,184.75,151685.35,28352312.68
2019-08-26,186.54,193.7,186,239138.62,45398330.11
2019-08-25,190.6,192.4,182.8,161329.18,30335644.16
2019-08-24,194.02,194.09,185.63,160347.74,30376792.7
2019-08-23,190.35,196.19,188.16,184607.56,35496408.13
2019-08-22,187.45,195.14,182.8,235248.89,44470719.79
2019-08-21,196.6,197.2,179.53,272790.2,51147312.61
2019-08-20,202.28,202.75,194.45,182698.67,36108993.49
2019-08-19,194.33,203.59,192.7,227767.43,45335821.49
2019-08-18,185.59,197.91,183.35,167642.42,32170746.08
2019-08-17,184.88,187,181.83,133031.38,24536347.33
2019-08-16,188.03,188.39,178.04,266677.79,49099025.49
2019-08-15,187.1,189.95,181.23,227061.95,42159161.36
2019-08-14,209.3,209.9,183.49,303096.75,59313621.96
2019-08-13,211.41,214.3,204,160581.72,33540267.5
2019-08-12,216.42,216.81,209.75,118019.79,25084874.56
2019-08-11,206.48,216.94,206.14,181226.33,38340043.64
2019-08-10,210.53,215,202.6,238814.18,49672833.39
2019-08-09,221.39,221.79,207.3,222126.62,47305932.95
2019-08-08,226.1,228.5,215.51,227302.75,50605328.79
2019-08-07,226.28,231.25,220.95,266654.97,60324416.2
2019-08-06,233.54,239.15,223.03,321598.75,74057470.81
2019-08-05,221.79,236.25,221.79,293028.62,67519115.44
2019-08-04,222.14,223.34,216.9,129252.63,28434538.95
2019-08-03,217.61,224.51,216.62,173091.61,38402414.61
2019-08-02,216.84,222.18,214.31,197378.6,43048711.84
2019-08-01,218.42,219.39,210.54,178367.73,38245768.5
2019-07-31,209.58,218.79,209.2,199072.03,42667260.47
2019-07-30,210.89,214.36,204.4,213617.67,44727001.37
2019-07-29,211.62,215.83,206.59,215871.37,45520537.27
2019-07-28,207.3,213.52,198.24,206493.53,42875063.52
2019-07-27,218.81,223.3,203,249914.53,53195918.15
2019-07-26,219.14,220,212.71,146879.47,31820101.61
2019-07-25,216.31,225.12,215.23,268128.71,59309595.05
2019-07-24,212.48,218.28,202,312744.21,65437569.67
2019-07-23,217.51,219.55,208.36,304107.35,64989471.6
2019-07-22,225.38,228.34,212.25,257250.37,56520639.97
2019-07-21,228.2,229.66,216.99,256533.09,57404562.62
2019-07-20,220.73,235.09,219.78,308327.14,70282478.12
2019-07-19,225.73,226.23,212.52,352958.87,77505331.06
2019-07-18,210.81,229.65,205.71,571266.02,124404066.32
2019-07-17,198.88,219.86,191.84,654709.37,134755146.71
2019-07-16,228.2,234.5,192.25,663570.16,140583678.74
2019-07-15,225.85,235.58,203.08,670890.89,149789944.36
2019-07-14,268.79,269.74,222.81,502671.46,121763826.45
2019-07-13,274.62,275.04,262.2,198264.43,53259075.95
2019-07-12,268.63,278.99,266.21,256330.2,69911493.67
2019-07-11,289.23,289.23,262.12,474546.14,129123265.52
2019-07-10,307.46,314.18,281.04,426352.56,126707112.96
2019-07-09,311.97,318.19,302.69,293889.15,91372097.21
2019-07-08,304.72,313.74,300.78,276935.54,84993677.27
2019-07-07,288.29,309.69,284.25,234700.54,69775331.55
2019-07-06,287.47,296.71,285.28,187774.35,54720578.82
2019-07-05,282.73,294.89,280.78,250185.73,72016394.82
2019-07-04,301.14,302.74,280.53,260304.47,76437831.66
2019-07-03,291.48,302.89,285,352625.41,103982010.48
2019-07-02,295.07,297.57,272.65,465832.98,132109017.5
2019-07-01,292.7,303.49,280.13,463938.62,135354542.12
2019-06-30,317.62,323.5,290.12,461046.98,141003992.51
2019-06-29,311.05,324.74,295.18,402767.82,123440854.21
2019-06-28,298.35,313.58,295.22,502865.27,153795315.07
2019-06-27,339.39,347,280.01,934508.88,289763401.82
2019-06-26,318.26,366.8,315.57,928398.83,314357805.8
2019-06-25,311.64,318.99,307,329610.54,103150282.91
2019-06-24,308.52,314.41,298,334998.3,102980309.57
2019-06-23,310.79,321.7,305.58,395975.5,124093261.72
2019-06-22,294.35,314.39,289.69,680609.92,208097061.83
2019-06-21,271.22,295.94,271.22,492090.84,140711190.41
2019-06-20,268.14,273.63,265.71,192912.37,51897585.89
2019-06-19,264.66,270,263.59,201877.83,53930369.85
2019-06-18,273.16,273.58,261.45,307979.42,82147010.91
2019-06-17,267.73,276,266.81,324304.43,87754219.97
2019-06-16,267.82,277.06,263.31,435193.89,117639745.24
2019-06-15,262.47,272.27,260.61,274346.73,72796065.62
2019-06-14,254.67,264.26,251.75,313274.0,80418266.35
2019-06-13,261.15,262.98,253.69,278574.88,72040235.02
2019-06-12,244.29,261.87,242.2,319093.14,80270999.76
2019-06-11,246.51,247.8,236.49,225111.94,54553406.5
2019-06-10,230.98,247.45,227.03,300548.17,71716174.55
2019-06-09,243.25,244.53,226.56,302409.55,71183674.1
2019-06-08,248.77,250.53,240.37,181441.59,44575400.24
2019-06-07,248.76,253.28,243.46,337098.73,83605214.47
2019-06-06,245.63,250.66,235.01,284787.38,69305545.99
2019-06-05,241.39,250.41,237.37,320776.63,78146606.64
2019-06-04,249.91,251.67,234.39,598339.96,146070179.86
2019-06-03,268.88,270,248,375159.23,97854037.32
2019-06-02,264.33,273.2,263.2,290396.08,77963813.46
2019-06-01,267.9,275.5,260.68,435412.03,116425538.22
2019-05-31,254.56,268.72,245.21,571685.2,146963771.85
2019-05-30,268.83,288.62,240.14,996943.91,271192857.66
2019-05-29,271.03,274.04,260.05,367332.14,98559583.63
2019-05-28,270.53,275.95,264.45,390994.62,105636012.75
2019-05-27,264.45,279.59,260,598629.89,160364493.78
2019-05-26,250.22,269.4,245.11,425088.84,108659658.8
2019-05-25,248.87,257.33,247.22,317334.87,79830875.09
2019-05-24,244.56,254.35,241.54,425752.52,105984404.53
2019-05-23,243.64,247.34,231.1,570566.98,136949164.01
2019-05-22,253.43,260.18,239.63,560424.11,140901929.46
2019-05-21,250.37,262,246.06,549614.28,138984555.5
2019-05-20,259.51,259.51,238,628106.82,156144015.35
2019-05-19,233.6,264,231.77,775107.93,195130388.34
2019-05-18,244.3,248,230.62,638392.93,152141882.64
2019-05-17,264.25,268.74,223.43,1412755.02,338397458.1
2019-05-16,248.1,279.76,241.76,1605154.01,418925215.37
2019-05-15,216.4,250.27,216.21,543747.95,127761384.96
2019-05-14,195.84,219.81,194.19,822230.4,170977066.74
2019-05-13,188.11,206.87,185.32,633515.79,124079501.12
2019-05-12,190.2,204.32,181,782428.2,149765628.2
2019-05-11,172.91,205.23,172.91,838324.58,158238317.55
2019-05-10,170.9,176.7,168.46,404385.64,70053126.38
2019-05-09,170.85,173.88,166.57,275275.41,46883196.58
2019-05-08,169.18,173.17,164.8,284442.28,48281293.85
2019-05-07,173,182.76,172.96,327985.85,58777474.25
2019-05-06,163.05,178.05,157.55,481434.62,81841271.72
2019-05-05,163.7,165.36,159.18,170740.8,27800461.6
2019-05-04,168.06,171.3,159.76,301510.19,49718164.78
2019-05-03,161.81,170.86,160.99,398708.66,66245699.88
2019-05-02,160.19,163.48,158.5,271007.14,43722606.95
2019-05-01,161.83,163.88,158.36,185963.47,29910233.69
2019-04-30,155.11,162.89,155.11,289299.73,45851815.55
2019-04-29,157.85,159.05,152,232970.11,36243415.98
2019-04-28,159.31,160.24,156.92,148389.69,23576134.31
2019-04-27,157.95,166.24,156.35,205087.38,32559965.37
2019-04-26,154.72,162.56,151.4,478380.47,74893642.58
2019-04-25,164.78,165.49,150.35,396860.05,63279559.92
2019-04-24,169.16,169.87,159.26,398770.06,65535958.61
2019-04-23,170.52,175.83,167.78,348596.28,60208699.74
2019-04-22,168.59,172.3,167,258633.4,43924987.34
2019-04-21,172.88,173.48,164.82,272700.3,45975478.72
2019-04-20,172.64,176.97,169.87,244125.65,42297879.68
2019-04-19,173.33,173.55,168.59,306420.83,52574577.89
2019-04-18,165.75,175.2,165.04,380670.34,65383225.63
2019-04-17,165.37,167.28,163.78,222195.94,36744478.51
2019-04-16,159.95,166.73,159.41,231611.35,37813747.09
2019-04-15,167.23,168.81,155.7,333489.91,54304236.02
2019-04-14,162.99,168.11,161.2,179893.01,29476496.26
2019-04-13,163.19,165.37,160.74,174739.39,28513596.81
2019-04-12,164.07,166.5,158.11,302904.32,49368706.84
2019-04-11,177.12,177.48,158.27,625407.28,104222268.32
2019-04-10,174.6,183.77,168,493411.54,87872245.28
2019-04-09,178.72,179.17,171.05,413283.0,72468123.3
2019-04-08,174.21,185.87,170.9,819037.59,146669508.53
2019-04-07,165.5,175.43,164.06,443134.62,75055749.13
2019-04-06,164.77,172.77,159.2,500119.67,82997021.28
2019-04-05,157.36,167.83,155.94,490801.39,79991807.66
2019-04-04,159.96,164,152.8,648967.18,103191872.13
2019-04-03,163.31,177.81,149.23,1252219.86,210053544.86
2019-04-02,141.24,165.6,141,846585.0,128934933.45
2019-04-01,141.38,143.08,139.57,223762.77,31742218.16
2019-03-19,137.59,139.38,137.4,16554.75,2292351.92
2019-03-18,138.67,142.01,136.1,269960.63,37388751.61
2019-03-17,140.92,141.07,137.2,243751.46,33810339.18
2019-03-16,136.56,144.47,136.51,453927.3,63956213.46
2019-03-15,132.2,137.62,132.18,284559.3,38405064.95
2019-03-14,131.65,135.11,128.52,244481.31,32261843.32
2019-03-13,133.57,133.65,130.58,203747.19,26917278.66
2019-03-12,132.67,135.3,130.77,189928.44,25317861.86
2019-03-11,135.37,136.15,131,255192.92,34033771.83
2019-03-10,137.27,137.5,134,197622.02,26791871.58
2019-03-09,133.52,138.65,132.93,270223.63,36904281.93
2019-03-08,136.81,139.34,130.62,318426.73,43271609.48
2019-03-07,137.4,140.2,135.2,298138.13,41005934.74
2019-03-06,136.72,140.29,133.33,413153.82,56554449.54
2019-03-05,125.65,137.84,125.19,487684.28,64429400.96
2019-03-04,130.6,131.11,122.6,388233.46,49075206.9
2019-03-03,132.56,134.6,128.01,214395.32,28385122.26
2019-03-02,135.32,136.12,130.03,284885.36,37860493.28
2019-03-01,135.34,137.95,134.9,294617.26,40108254.79
2019-02-28,135.02,139,132.1,549077.25,74748160.56
2019-02-27,136.22,140.29,126.84,532294.65,71858506.04
2019-02-26,137.87,138.41,133.72,419879.87,57203847.83
2019-02-25,132.1,141.55,131.89,762621.96,105054197.62
2019-02-24,157.79,166,131.7,1173895.04,173971331.16
2019-02-23,147.36,159.6,145.78,552142.23,84441877.71
2019-02-22,145.69,148.85,143.85,352537.68,51758020.19
2019-02-21,148.44,149.61,142.7,428932.11,62510331.77
2019-02-20,143.44,149.52,139.6,588547.04,85394629.4
2019-02-19,145.69,150,142.36,716620.19,105048109.17
2019-02-18,133.75,148.3,132.42,1018358.52,144041425.95
2019-02-17,122.67,135.61,122.43,578655.28,74301363.41
2019-02-16,121.67,124.99,121.54,208812.27,25661641.61
2019-02-15,120.42,124.25,120.19,246551.78,30045040.64
2019-02-14,121.86,124.5,120.1,288712.99,35241578.92
2019-02-13,122.41,126.47,120.7,306292.7,37650250.21
2019-02-12,120.89,123.89,118.18,328240.98,39726476.21
2019-02-11,125.12,125.28,119.24,374239.99,45357750.41
2019-02-10,119.19,126.49,115.81,369493.16,43970178.66
2019-02-09,119.25,121.99,117.64,317901.46,37849813.12
2019-02-08,104.48,123,103.41,513614.08,58532663.46
2019-02-07,104.5,106.18,103.82,143475.28,15061423.23
2019-02-06,107.27,107.83,101.21,304451.29,31562679.09
2019-02-05,107.68,108.18,106.47,155416.93,16674655.74
2019-02-04,107.36,109.3,106.57,156144.36,16805424.86
2019-02-03,110.42,111.11,105.82,220307.84,23859078.66
2019-02-02,106.73,111.15,106.07,181610.41,19579739.3
2019-02-01,106.44,108.35,103.77,233408.07,24760296.69
2019-01-31,108.29,110.61,105.46,280771.28,30173365.86
2019-01-30,104.45,109.8,103.45,308882.14,32999317.17
2019-01-29,105.5,106.61,102.22,309523.07,32356667.59
2019-01-28,112.05,112.87,100.91,526329.85,55812354.99
2019-01-27,115.34,116.15,111.04,227866.28,25941266.05
2019-01-26,115.11,117.99,115,139650.09,16212122.43
2019-01-25,116.39,117.5,114.3,188288.1,21781715.15
2019-01-24,116.44,117.15,113.61,204535.93,23693155.19
2019-01-23,117.81,118.95,114.8,220450.49,25829226.21
2019-01-22,115.63,119.49,111.39,324596.71,37770201.94
2019-01-21,117.47,118.5,113.63,283646.05,32941812.33
2019-01-20,122.6,123.32,115.68,411599.0,49043585.67
2019-01-19,119.17,125.25,119.14,294209.81,36138447.55
2019-01-18,121.54,121.98,117.66,224792.97,27006438.12
2019-01-17,121.48,122.99,116.84,413731.16,49798552.84
2019-01-16,118.95,126.88,118.52,467223.0,56674507.85
2019-01-15,126.95,129.4,116,558037.46,68861399.74
2019-01-14,114.16,130.05,113.94,491088.87,59991355.79
2019-01-13,123.35,124.25,111.87,367497.8,43055273.91
2019-01-12,124.65,126.19,122,284758.35,35369276.62
2019-01-11,124.95,127.36,120.08,510011.77,63426826.32
2019-01-10,148.1,149.45,121,737281.35,96721035.88
2019-01-09,147.6,151.5,146.77,280727.61,41874363.76
2019-01-08,149.34,151.65,145.2,417257.04,61917814.09
2019-01-07,153.86,155.48,147.86,399397.83,60478414.33
2019-01-06,152.83,157.4,147.51,586109.49,89301175.09
2019-01-05,151.97,159.26,151.81,720059.24,111984803.24
2019-01-04,146.3,154.8,143.54,759791.62,114004802.01
2019-01-03,152.01,153.64,143.11,664311.93,98481947.57
2019-01-02,139.1,155.37,137.76,875284.94,129041158.2
2019-01-01,131.45,140.67,130,382270.09,51631680.56
2018-12-31,137.77,138.66,128.7,452868.88,60556389.23
2018-12-30,132.89,139,128.3,644708.07,86850368.19
2018-12-29,135.3,145.42,129,910866.09,123481087.43
2018-12-28,113.8,136.66,111.87,811242.99,101280995.37
2018-12-27,129.35,131.09,111.22,679138.14,81861611.19
2018-12-26,127.6,135.32,122.51,751076.22,96550544.46
2018-12-25,138.03,139.26,120.37,1000117.23,126961683.08
2018-12-24,129.03,157.67,128.8,1194725.32,172140999.98
2018-12-23,115.2,131.94,114.91,879356.6,111109777.66
2018-12-22,107.69,115.5,105.38,389920.99,43067512.48
2018-12-21,114.05,118,104.76,637592.55,71326222.43
2018-12-20,98.74,116,97.88,793665.68,85891037.85
2018-12-19,100.39,107.55,97.75,786027.14,80572440.26
2018-12-18,94.02,101.3,91.34,506653.83,47972537.01
2018-12-17,84.67,97,84.4,443502.42,40351559.51
2018-12-16,83.76,87.64,83.73,234099.94,20158259.79
2018-12-15,83.82,85,81.79,210208.57,17573565.9
2018-12-14,86.34,87.25,82.2,304974.91,25941047.9
2018-12-13,89.41,90.71,84.71,318802.11,28001629.62
2018-12-12,87.76,91.31,86.63,271583.4,24264019.93
2018-12-11,89.91,91.65,85.83,322200.97,28486590.67
2018-12-10,93.26,95.21,88.11,393110.01,35770475.16
2018-12-09,90.38,98.69,88.63,495185.9,46164705.61
2018-12-08,93.05,98,84.55,658502.09,59633460.56
2018-12-07,91,96.9,82.07,960230.81,84299773.38
2018-12-06,102.71,104.68,90.2,553805.57,54922337.22
2018-12-05,109.94,110.58,102.38,337732.86,35789009.41
2018-12-04,108.76,113.2,106,264242.12,29146430.81
2018-12-03,116.57,116.96,106.7,295557.21,32974833.18
2018-12-02,118.1,120.73,116,262267.01,30841332.26
2018-12-01,113.73,120.8,111.35,315394.2,36879893.31
2018-11-30,117.98,120.26,111.09,393584.41,45488021.57
2018-11-29,122.9,124,114.78,456872.9,54528735.51
2018-11-28,111.43,126.8,111.37,546321.26,64645229.35
2018-11-27,110.68,114.31,102.36,499649.64,54010413.02
2018-11-26,118.67,121.5,106.41,645740.39,73396710.63
2018-11-25,114.89,122.35,102.95,783706.16,87814063.2
2018-11-24,125.02,130.81,112.32,446989.17,54348206.09
2018-11-23,126.63,128.9,118.56,481206.94,59783902.28
2018-11-22,138.23,140.4,125.64,319981.91,42880311.09
2018-11-21,133.82,142.01,127.15,678840.37,92373362.29
2018-11-20,150.81,154.7,126.95,928397.06,129725910.38
2018-11-19,178.97,179.33,146.47,560763.51,88914823.36
2018-11-18,176.2,182.94,176.1,136560.48,24335702.52
2018-11-17,176.89,177.91,173.94,141099.68,24801410.44
2018-11-16,184.35,185,173,232801.12,41851464.58
2018-11-15,187.43,190,170.99,424939.96,76723206.23
2018-11-14,209.84,210.3,176.16,399233.32,75871137.86
2018-11-13,212.89,213.8,209.2,109955.1,23224602.88
2018-11-12,212.54,214.22,210.9,97559.56,20760128.31
2018-11-11,213.25,213.99,209,132055.09,27984519.24
2018-11-10,210.77,215.55,209.02,127911.01,27278588.9
2018-11-09,212.79,215.51,209.1,147757.07,31364152.3
2018-11-08,219.07,220.78,212.49,182796.09,39417547.5
2018-11-07,220.74,224.8,217.01,193865.4,42802125.25
2018-11-06,210.66,221.25,209.11,188150.44,40454250.05
2018-11-05,212.11,213.39,207.62,135891.54,28548934.46
2018-11-04,200.31,218.76,199,169609.52,35256636.65
2018-11-03,202.35,202.69,198.59,69116.87,13861832.63
2018-11-02,199.96,203.74,199.34,94356.05,19001504.78
2018-11-01,198.73,200.95,197.88,83850.89,16669489.27
2018-10-31,197.27,201.45,193.01,107451.29,21199830.24
2018-10-30,196.96,198.6,195.91,81801.72,16139903.69
2018-10-29,204.99,205.49,195.28,110535.1,22126323.29
2018-10-28,204.45,205.94,203.62,42527.14,8702712.38
2018-10-27,204.92,206.15,203.09,48463.29,9918425.92
2018-10-26,203.93,209,203,84687.19,17376838.21
2018-10-25,205.35,205.94,202.88,75453.8,15421187.35
2018-10-24,205.85,207.95,204.73,95688.94,19751968.93
2018-10-23,206.67,207.8,202.14,110285.96,22640163.85
2018-10-22,207.49,209.3,205,203488.35,42181953.97
2018-10-21,207.91,211.99,206.74,81331.09,17053979.08
2018-10-20,205,209.69,203.57,60493.37,12545791.7
2018-10-19,206.24,208,204.21,252056.14,51921732.32
2018-10-18,212.85,215.3,203.53,145156.93,30505015.53
2018-10-17,215.09,216.99,210,150429.89,32121257.4
2018-10-16,214.45,214.45,211.88,0.0,0.0
2018-10-15,197.01,239,194.6,874047.69,190043960.07
2018-10-14,201.3,203.56,194.33,103556.5,20789448.93
2018-10-13,196.96,202.78,196.27,101534.96,20358230.51
2018-10-12,191.58,201.87,190.04,207122.02,40792467.42
2018-10-11,226.74,226.91,189.01,461196.58,93760176.48
2018-10-10,228.4,228.78,224.05,119128.26,26954045.2
2018-10-09,230.01,231.02,226.56,95854.17,21928625.81
2018-10-08,226.14,232.7,224.21,203767.93,46362935.91
2018-10-07,225.4,227.75,221.48,71433.33,16034555.14
2018-10-06,228.37,228.86,223.15,97002.16,21920037.76
2018-10-05,222.66,231.75,219.35,131902.26,29587633.78
2018-10-04,220.77,227.16,219.49,151074.79,33885146.78
2018-10-03,225.69,226.43,216.51,264093.31,58245669.11
2018-10-02,231.61,232.51,223.37,393201.71,89857825.8
2018-10-01,232.94,235.88,224.46,307991.88,70942014.05
2018-09-30,231.62,239,226.5,414889.97,96748059.35
2018-09-29,221.84,237.77,214.18,573152.85,130169197.88
2018-09-28,229.13,234.42,215.53,592337.68,133764869.69
2018-09-27,214.42,234,205.01,548645.94,120704728.15
2018-09-26,219.62,223.6,207.5,591959.81,127483700.12
2018-09-25,228.06,228.1,203.61,675494.76,144475121.91
2018-09-24,244.5,246.2,225.3,328703.5,77507760.34
2018-09-23,241.01,249.73,237,223990.55,54360826.06
2018-09-22,247.73,255.13,232.7,402535.27,97372330.88
2018-09-21,224,252.11,220.66,787214.96,182607782.03
2018-09-20,209.79,226.68,205.56,537211.72,113914706.26
2018-09-19,208.17,214.84,197.58,458824.68,95398316.41
2018-09-18,196.16,215.47,193.47,555115.59,112764734.48
2018-09-17,220.17,225,192.4,771469.36,161909769.13
2018-09-16,221.29,223.5,208.1,404926.48,87932496.06
2018-09-15,208.82,227.42,207.64,414372.7,90735598.32
2018-09-14,210.68,224.2,202.6,782999.44,166780835.3
2018-09-13,183.12,215,183.12,697923.17,138973034.74
2018-09-12,185.18,185.22,167.32,478662.45,83931614.23
2018-09-11,197.15,200.2,176.16,456493.89,86131069.59
2018-09-10,195.81,203.42,187.1,401805.8,78694914.15
2018-09-09,196.71,208.6,185.02,403671.56,79801821.08
2018-09-08,215.22,220.2,190.01,299224.7,61382183.23
2018-09-07,229.7,234.69,213.5,382602.31,85175275.66
2018-09-06,228.53,233.19,212,524304.75,118423809.5
2018-09-05,285.3,287.62,227,492772.52,127624585.16
2018-09-04,289.09,292.64,283,321777.84,92530460.14
2018-09-03,295.41,296.62,285.99,268798.95,77911680.38
2018-09-02,295.71,299.33,288.87,147208.34,43346740.99
2018-09-01,281.41,302,281.34,284085.67,82957203.76
2018-08-31,283.89,289,276.59,295189.14,82867511.33
2018-08-30,288.4,291,271.88,326622.75,91836800.39
2018-08-29,295.44,297,283.55,315449.7,91949406.6
2018-08-28,287.71,298,282.66,310448.26,89617814.38
2018-08-27,274.29,288.15,271.59,274974.02,76177626.13
2018-08-26,277.55,277.91,268.69,228054.4,62325873.51
2018-08-25,281.19,282.71,275.99,250108.67,69818726.74
2018-08-24,275.99,283.1,270.22,265949.76,73398534.5
2018-08-23,270.8,280.3,267.55,270689.7,74010793.25
2018-08-22,281.21,298.89,259.5,380193.31,106751365.55
2018-08-21,270.51,285.9,269.7,218925.38,60780860.94
2018-08-20,299.42,304.04,269.5,209521.99,60525293.51
2018-08-19,294.11,307.4,288.2,280974.27,83422061.46
2018-08-18,317.51,321.33,281.79,369542.51,111243619.55
2018-08-17,287.17,318,285,331656.85,99759112.9
2018-08-16,281.12,298.6,277.55,227935.8,65610035.69
2018-08-15,278.41,304.45,276.3,415659.13,119431248.18
2018-08-14,283.81,283.81,250,456778.25,120275950.84
2018-08-13,317.89,321.99,280.68,292633.55,89644898.31
2018-08-12,308.65,308.65,308.65,0.0,0.0
2018-08-11,331.81,332.98,306.36,154163.74,49126793.16
2018-08-10,363.3,365.87,325.95,254821.76,89891545.51
2018-08-09,355.48,369.9,350.51,238037.21,85883655.28
2018-08-08,378.21,380.42,347.25,261818.75,95586276.19
2018-08-07,405.28,412.76,369.19,199912.67,80006454.72
2018-08-06,408.79,413.28,399.77,159077.77,64767937.95
2018-08-05,407.21,413.24,400.16,156049.41,63430516.25
2018-08-04,417.52,419.53,401.86,175730.38,72254215.44
2018-08-03,410.62,420.01,396.61,195409.26,80094700.42
2018-08-02,420.2,424.73,407.43,161495.74,66993215.84
2018-08-01,432.22,434.99,406.55,202720.34,85200975.51
2018-07-31,456.23,457.3,427,208032.15,91394284.93
2018-07-30,466.4,469.79,446.1,174027.9,79879271.52
2018-07-29,469.29,472,461.6,136882.31,63757757.21
2018-07-28,470.09,472,460.82,154670.31,72287461.49
2018-07-27,462.64,474,455.84,193071.95,89802675.43
2018-07-26,472.1,485,460,169961.6,80918323.23
2018-07-25,479.28,485.77,464,165923.57,78709507.83
2018-07-24,450.05,484.27,448.47,149998.17,70365257.52
2018-07-23,457.47,469.82,447.11,102507.74,47189848.54
2018-07-22,460.23,472.2,454.19,58046.27,26907113.09
2018-07-21,449.04,468.97,441.18,71235.09,32662042.36
2018-07-20,468.57,471.02,440,153865.74,70670272.92
2018-07-19,479.41,484.15,462.57,165811.41,78550384.1
2018-07-18,498.76,515.47,468.01,226290.27,111807292.5
2018-07-17,478.49,512,465.29,205355.06,99423318.94
2018-07-16,449.78,480.57,444.03,167146.33,77922314.6
2018-07-15,433.19,455,430.52,137909.86,61134602.34
2018-07-14,432.46,440,428.26,119610.89,51882920.77
2018-07-13,431.14,442.47,424.62,146174.22,63666585.68
2018-07-12,444.99,445.36,416.94,175208.98,75756501.39
2018-07-11,432.48,452.69,424.2,152858.52,66880914.56
2018-07-10,471.71,473.23,427.69,161016.35,72091164.76
2018-07-09,486.77,488.98,468.2,84994.63,40781081.15
2018-07-08,485.57,495.98,482.05,140941.14,68687657.02
2018-07-07,470.47,487.99,461.5,78648.28,36955554.3
2018-07-06,467.87,476,451.29,93703.86,43516991.99
2018-07-05,467.38,480,458.8,119202.64,56015110.21
2018-07-04,461.82,482.7,458.02,96935.77,45707431.58
2018-07-03,476.25,486.98,457,176879.23,83372582.21
2018-07-02,452.1,481.83,444.16,174076.41,80454449.26
2018-07-01,454.09,457.77,443.73,107648.62,48558472.34
2018-06-30,434.77,463.15,434.51,149737.0,67398832.58
2018-06-29,420.22,442,404.48,151430.36,63187501.55
2018-06-28,441.64,443.96,416.45,106348.8,45989816.17
2018-06-27,429.34,445.95,420.19,95279.5,41267874.08
2018-06-26,458.7,460.81,429,78811.51,35003285.83
2018-06-25,454.41,474.47,444.37,115344.55,52940027.83
2018-06-24,473.41,475.81,419.53,183249.96,81740837.18
2018-06-23,462.09,481,455,89694.27,42080128.13
2018-06-22,526.18,526.44,450,197954.6,95276041.01
2018-06-21,536.49,544.98,521.11,74973.85,39990096.68
2018-06-20,537.97,542.02,515.08,118453.55,62421682.96
2018-06-19,517.95,548.2,510.01,140281.46,74234386.58
2018-06-18,497.14,524.48,487.27,139155.24,70042309.24
2018-06-17,496.74,507.6,492.7,114624.08,57396472.85
2018-06-16,487.48,503.28,483.72,126705.77,62753776.04
2018-06-15,519.29,521,481.62,152526.01,76152677.62
2018-06-14,475.47,529,460,190520.56,94588147.6
2018-06-13,493,501.97,449.06,171269.35,81424583.84
2018-06-12,531.69,538.88,482,148896.6,76584062.01
2018-06-11,524.11,535.51,508.66,138580.56,72675158.6
2018-06-10,592.87,592.87,501.13,173600.22,94604507.68
2018-06-09,598.68,608.97,591,37491.04,22574863.3
2018-06-08,605.16,608.45,593.33,47763.74,28692007.96
2018-06-07,607.4,618,598.24,57740.68,35143058.19
2018-06-06,609.05,613.35,593.4,67105.39,40564908.52
2018-06-05,591.02,614,570.36,78386.06,46564987.57
2018-06-04,619.66,625.47,580.15,92148.23,55281954.82
2018-06-03,590.85,628.81,590.1,79899.19,49063834.32
2018-06-02,579,599.17,572.9,77182.46,45533798.26
2018-06-01,577.81,590.26,564.93,80236.85,46259354.33
2018-05-31,557.19,586.73,552.98,95631.99,54746003.2
2018-05-30,567.36,585.83,541.2,115568.3,65009719.17
2018-05-29,511.5,573.43,510,174705.88,95234193.38
2018-05-28,570.4,576.2,506.11,145335.45,77756155.35
2018-05-27,586,592,557.43,93973.04,53942814.73
2018-05-26,585.55,607.62,578.32,74518.1,44338124.66
2018-05-25,602.18,617.46,568.7,112703.11,66931297.04
2018-05-24,577.19,612.1,550,183645.77,107213333.49
2018-05-23,640.99,669,560,241626.72,146298692.53
2018-05-22,696.7,699.6,637.32,102302.12,68915158.87
2018-05-21,716.16,720.46,688,93026.5,65642505.72
2018-05-20,697,729.88,688.4,83230.92,59251212.17
2018-05-19,692.6,717.8,682.31,85243.82,59521609.8
2018-05-18,667.62,694.9,656,101439.61,68676921.1
2018-05-17,706.29,719.25,662,101439.63,70667842.14
2018-05-16,704.91,712.84,673.52,112418.66,77826381.86
2018-05-15,727.49,740,695,121482.18,87757448.09
2018-05-14,729.08,743.9,686,171645.63,122929323.92
2018-05-13,684.11,742,666.31,128796.68,91387355.8
2018-05-12,676.96,690.2,633.2,155751.47,103761611.9
2018-05-11,722.52,737.23,663,201184.06,139438479.64
2018-05-10,751.75,769.88,720,97160.25,73023987.91
2018-05-09,748.99,760.74,710.26,106805.33,78866024.19
2018-05-08,752.49,777,720.02,127845.33,95724447.12
2018-05-07,794.3,799.14,701,266210.63,196793915.86
2018-05-06,819.5,839.99,752.49,158062.93,125220579.9
2018-05-05,785.99,832.66,781.56,122674.64,99749325.43
2018-05-04,779,810,756.91,168280.97,132169523.87
2018-05-03,688.56,792.08,685.39,215475.84,159642922.69
2018-05-02,672,691.99,663,82343.99,55938994.27
2018-05-01,670.78,675.6,627.58,124870.15,81681576.39
2018-04-30,690.85,695.3,662.2,106336.25,72455625.6
2018-04-29,682.86,700.49,665.28,104748.91,71643474.65
2018-04-28,643.46,694.9,638.76,107111.53,72526362.51
2018-04-27,661.51,686.82,635.73,127276.2,84625368.58
2018-04-26,618,666.19,600,146066.94,91999999.03
2018-04-25,701.58,703.3,593.83,314108.87,201024895.41
2018-04-24,645.09,712.99,643.76,161771.53,111525220.25
2018-04-23,620.92,649.11,618.02,73822.68,47140562.92
2018-04-22,604.87,643.49,589,114016.37,70985230.85
2018-04-21,617.09,624.5,570.23,148997.79,89456095.01
2018-04-20,568.14,622.17,556.5,151443.6,88771286.72
2018-04-19,526.09,571.61,521.03,105920.66,57614568.13
2018-04-18,502.56,526.99,501.12,69627.83,35854959.25
2018-04-17,511.46,521.2,500.02,91345.46,46621342.91
2018-04-16,533.88,538,497.31,121758.93,62263489.02
2018-04-15,502.68,535,502.51,103447.85,53757352.09
2018-04-14,495.11,515,485.58,115224.31,57693833.76
2018-04-13,495.67,530,480.22,233080.63,117822733.69
2018-04-12,429.52,499,412.88,227397.38,103693154.3
2018-04-11,416.07,433.54,410.38,83545.58,35045081.63
2018-04-10,399.44,418.68,391.4,78400.56,31599458.7
2018-04-09,400.4,431.99,387.1,143529.45,58309298.51
2018-04-08,384.51,404.05,384,54972.86,21760006.56
2018-04-07,368.89,394.75,368.28,68502.63,26305383.91
2018-04-06,381.22,385.91,362.54,70871.89,26314051.42
2018-04-05,378.16,387.03,365.61,114090.03,43067361.02
2018-04-04,415.01,416.5,370,133220.93,51740941.12
2018-04-03,385.05,419.08,380.13,131366.81,52761548.65
2018-04-02,378.58,394.87,375,108567.89,41795986.65
2018-04-01,393.92,399.91,356.9,142606.4,53658555.12
2018-03-31,392.43,419.4,388.52,157994.5,63506988.84
2018-03-30,384,412.04,366,271085.46,104188039.9
2018-03-29,446.67,449.43,380,210483.33,85701259.21
2018-03-28,448.5,466,440.14,85981.94,38783605.18
2018-03-27,485,491.55,446,129260.5,59691515.72
2018-03-26,523.74,527.67,465.56,142093.89,69712044.13
2018-03-25,520.22,536,512,68868.97,35900225.67
2018-03-24,543.03,545.99,518.63,83676.18,44804260.59
2018-03-23,539.92,544.72,506.71,100862.87,52642128.72
2018-03-22,559.17,578.6,516,105194.22,57248208.15
2018-03-21,557,590.52,545.11,110522.13,62884549.5
2018-03-20,556.88,567.87,515,128812.24,70096423.48
2018-03-19,537,560,515.8,173466.72,93695420.38
2018-03-18,546.95,560,450,232165.8,116778269.16
2018-03-17,599.05,609.26,544,64409.64,37089456.21
2018-03-16,608.83,625.3,584.15,61279.15,37263594.46
2018-03-15,610.1,621.12,570,88668.05,53037760.2
2018-03-14,689.94,703.54,585,85637.55,55075628.04
2018-03-13,697.11,713.76,680,53849.49,37347086.08
2018-03-12,720.85,740.5,676.31,65005.99,46111871.1
2018-03-11,680.58,735,659.15,71001.69,49691562.17
2018-03-10,723.71,745,673.06,60258.14,43360133.2
2018-03-09,695.46,727.92,640,110704.51,75291999.14
2018-03-08,749.9,772.07,684,72789.87,53189427.6
2018-03-07,813.11,826.2,718.4,101101.71,77081962.39
2018-03-06,849.84,853.18,803.01,46802.01,38804130.33
2018-03-05,866.66,871.75,847.2,29145.12,25160375.7
2018-03-04,856.02,868,836.24,28782.8,24553484.01
2018-03-03,856.28,870.78,852.3,32899.29,28390448.35
2018-03-02,870.63,876.22,850,37948.61,32782664.11
2018-03-01,853.5,879.96,848.65,42172.95,36575350.9
2018-02-28,870.11,891,850.3,51248.52,44675897.21
2018-02-27,867.98,897.49,860.69,60228.85,52930532.61
2018-02-26,841.19,882,833,70682.77,60859666.85
2018-02-25,833.94,849.5,813.18,56594.41,47156061.11
2018-02-24,851.6,875,805,84819.05,71306283.74
2018-02-23,801.49,885,785.99,145194.88,122301820.66
2018-02-22,835.89,871.96,786.6,128674.89,105664717.8
2018-02-21,882.99,908.88,812.87,164018.91,141262522.33
2018-02-20,938.11,961,873,113053.3,104804109.97
2018-02-19,911,956.22,906.04,71863.14,67426983.79
2018-02-18,969.99,978.5,897,150178.43,140225130.05
2018-02-17,938.67,974,933.48,104519.07,100292304.41
2018-02-16,924.55,948.48,901.36,108720.75,100956190.82
2018-02-15,919.09,946.66,895.59,145459.35,134427671.2
2018-02-14,841.4,924.99,841.3,140545.71,124791623.97
2018-02-13,866.66,871,820,102995.01,86801166.48
2018-02-12,808.99,877.56,807.46,132117.85,112822612.11
2018-02-11,851.15,857,768.28,171386.31,140006876.62
2018-02-10,877,911.2,800,193089.68,166324421.0
2018-02-09,781.66,882.2,781.66,87141.63,74223395.67
2018-02-08,754,786.93,751,9429.96,7276300.78
2018-02-07,779.25,849,714.18,318788.73,252480997.37
2018-02-06,697.92,798,570.1,567444.58,380619535.88
2018-02-05,823.56,862.47,634.94,325075.2,241142436.75
2018-02-04,971,975,789,170888.35,149936805.98
2018-02-03,922.3,998,851,146928.16,137903656.07
2018-02-02,1041.94,1047.2,783.67,339857.47,313535789.82
2018-02-01,1124.81,1164.99,981,186336.86,202441248.52
2018-01-31,1084.63,1135,1029,94495.48,102851161.09
2018-01-30,1177.01,1186.85,1051,143403.47,160657360.75
2018-01-29,1251.96,1258.89,1161.65,99670.92,119535240.81
2018-01-28,1118.99,1277,1112,134896.79,162828197.56
2018-01-27,1051.03,1127.99,1032.2,91869.53,99597860.33
2018-01-26,1056.52,1082,986,136270.12,141101465.27
2018-01-25,1061,1115,1030.26,114053.92,122114344.37
2018-01-24,980,1074,953.09,127575.3,129030138.02
2018-01-23,993,1030,909,150569.88,146717976.49
2018-01-22,1049,1090.15,908,173620.02,173782012.63
2018-01-21,1152.75,1152.75,998,165742.91,176503082.08
2018-01-20,1032.5,1165.4,1031,117645.3,130966013.18
2018-01-19,994,1079,941,158688.31,161826692.34
2018-01-18,1000,1075.2,924.21,275211.13,277520506.1
2018-01-17,1000,1075.51,755,404095.0,368608932.4
2018-01-16,1271,1275.01,780,316527.29,327898468.82
2018-01-15,1347,1383.13,1246.97,64011.36,83909901.65
2018-01-14,1388.02,1391.89,1220.89,93415.13,122071071.1
2018-01-13,1253.87,1427.01,1252,72881.09,97762045.54
2018-01-12,1138.93,1288.5,1069.01,89727.83,108511725.65
2018-01-11,1247,1332.49,1021,179485.3,212965490.21
2018-01-10,1291,1440,1201.1,145699.0,191726103.02
2018-01-09,1133.18,1326.5,1104.85,109543.92,132277275.63
2018-01-08,1123.09,1230,910,133895.83,148176962.29
2018-01-07,1004.11,1125,999.9,51351.2,55150954.2
2018-01-06,959.3,1017.56,950,61859.61,61221474.21
2018-01-05,940,1045,930,90332.39,88788325.55
2018-01-04,934.03,1009.72,890.01,98575.25,93660923.79
2018-01-03,855.28,950.01,810,86097.23,75597834.8
2018-01-02,754.99,899.5,749.06,105772.59,89382507.77
2018-01-01,733.98,763.55,716.8,52623.45,39094845.4
2017-12-31,681.06,740,672.86,60993.95,43413512.09
2017-12-30,733.99,735,635.82,86679.73,59556778.37
2017-12-29,707.89,757.87,703,62685.47,45858797.58
2017-12-28,739.89,744.93,645.88,69919.07,48142909.65
2017-12-27,750,766.05,693.18,50029.76,37141405.75
2017-12-26,714.95,750,712.56,58994.02,43435558.84
2017-12-25,658,744,599.99,76640.68,53771369.82
2017-12-24,640.34,667.64,563.49,91878.07,56909950.3
2017-12-23,635.97,714.99,627.97,77123.34,52466807.27
2017-12-22,782.41,796,504.99,148327.91,94707577.97
2017-12-21,790.21,845.99,705.98,76879.84,61007022.19
2017-12-20,798,828,661,70407.61,54006970.96
2017-12-19,784,864.9,729.01,67327.99,53475967.61
2017-12-18,707.64,798.88,638,44690.73,32105763.14
2017-12-17,682.81,728,680.33,31020.47,21975505.95
2017-12-16,674.95,712,669.22,26513.5,18224734.51
2017-12-15,679.76,689,594.6,38846.45,25295708.27
2017-12-14,683.99,747.6,630.5,57181.08,39405168.61
2017-12-13,620,705.69,539.93,56293.24,35464491.73
2017-12-12,508.7,639.27,494.89,57688.7,32272500.99
2017-12-11,427.35,512,427.35,29217.01,13524545.46
2017-12-10,460,460.05,403.2,34191.63,14810733.68
2017-12-09,442.56,488,426.4,41096.91,18959683.2
2017-12-08,406.33,456.78,390,40380.88,17138384.6
2017-12-07,411.01,427.61,375.01,40363.47,16448315.18
2017-12-06,452.26,455.1,400,37604.29,16319473.42
2017-12-05,466.67,468.67,445.21,25124.57,11542893.64
2017-12-04,460.3,470.98,445,22821.77,10495993.46
2017-12-03,457.63,485.9,440.11,24259.95,11328969.12
2017-12-02,457.51,471.91,445,25506.76,11749838.63
2017-12-01,427.43,465.97,413.74,32723.55,14317733.79
2017-11-30,421.7,460,387.01,44559.85,18862295.63
2017-11-29,466.17,515,385,50344.11,23217199.77
2017-11-28,472.31,477.5,453.5,23650.24,11077396.79
2017-11-27,462.84,486.94,453,23533.56,11092308.97
2017-11-26,461.82,465,436.14,21559.21,9794537.68
2017-11-25,469,484.47,450,21143.58,9825209.52
2017-11-24,405,475,392.8,29973.4,12904066.22
2017-11-23,380.65,425,370.02,25137.24,9979407.1
2017-11-22,362.12,384.84,359,17927.22,6582637.83
2017-11-21,367.42,375.5,350.02,25815.42,9403802.37
2017-11-20,354.15,372.5,353.9,18060.1,6522412.41
2017-11-19,346.66,373.56,343.07,19280.47,6853939.68
2017-11-18,331.23,349.9,326.01,14227.06,4735608.57
2017-11-17,331.49,334.6,323.84,18033.21,5951281.48
2017-11-16,331.33,334.75,321.41,14065.86,4612016.7
2017-11-15,335.61,339,324,15409.67,5116263.34
2017-11-14,312.99,337.54,312.94,17479.57,5682689.3
2017-11-13,305.24,318.88,303.7,15399.84,4804508.58
2017-11-12,310.02,316.99,281.01,20889.35,6276531.03
2017-11-11,293.5,318,291.91,10764.3,3256927.49
2017-11-10,317.87,322.65,285.82,15463.01,4721270.61
2017-11-09,303.02,329,299.5,11093.28,3509086.96
2017-11-08,291.78,320,290.02,15603.8,4729826.12
2017-11-07,297.97,303.52,287,9302.34,2731426.72
2017-11-06,295.53,305.58,290.11,7466.26,2218959.5
2017-11-05,298.04,302.14,293.13,6614.04,1967164.34
2017-11-04,304.08,304.99,292.11,7765.91,2315342.78
2017-11-03,283.12,307,282,8057.59,2360525.71
2017-11-02,287.01,293,274.73,13163.53,3736468.51
2017-11-01,304.9,305.9,286.34,9807.45,2938149.94
2017-10-31,307.25,309.99,304.01,7631.45,2344790.92
2017-10-30,305,316,302.1,8863.26,2725859.28
2017-10-29,291.87,309.4,291.86,8975.34,2702954.94
2017-10-28,296.33,297,290.1,5833.59,1711301.74
2017-10-27,294.71,298.1,292.03,6230.29,1840292.6
2017-10-26,294.49,299.76,291.03,7760.28,2290879.1
2017-10-25,297.38,300,281,9624.76,2818151.89
2017-10-24,281.09,310,275.5,13991.58,4230858.49
2017-10-23,293.79,294.6,272.2,9580.48,2720877.48
2017-10-22,298.94,306.99,290,7149.29,2113555.82
2017-10-21,304.51,305.34,290,8498.8,2531002.63
2017-10-20,308.66,311.18,302,8696.57,2654276.53
2017-10-19,309.7,315,300,8637.51,2662555.18
2017-10-18,315.19,318,284.68,12779.33,3877210.96
2017-10-17,335.19,336.58,312.65,8092.4,2620614.96
2017-10-16,337.96,354,332.78,8634.15,2946408.58
2017-10-15,342,348,316.17,9964.35,3311218.81
2017-10-14,337.96,349.8,335,7698.0,2644022.46
2017-10-13,303.99,353.96,297,17766.25,5782386.5
2017-10-12,304.01,310,302.71,7775.58,2381102.13
2017-10-11,298.64,305.5,298.02,3715.65,1122578.04
2017-10-10,297.19,308.56,293,6691.84,2011440.17
2017-10-09,311.07,312.13,286.65,4852.92,1452816.74
2017-10-08,311.01,317.07,309,2952.08,921220.96
2017-10-07,310.8,318.5,303.6,2120.52,658190.78
2017-10-06,294.81,310.8,293.78,3510.89,1054697.0
2017-10-05,291.99,297.44,285.53,3370.96,982644.49
2017-10-04,292.48,297.97,288,3989.57,1168807.66
2017-10-03,296.5,301.99,283.18,5518.95,1614235.08
2017-10-02,303.95,305,295,3670.04,1104217.48
2017-10-01,304.36,306,294,5034.38,1511264.71
2017-09-30,292.22,307.49,292.22,3997.83,1207595.88
2017-09-29,302.44,303,274,10997.93,3187358.83
2017-09-28,309.74,311.81,296.89,6521.08,1984843.83
2017-09-27,287.9,313,286.13,5467.39,1626645.28
2017-09-26,294.42,296.81,286.24,4527.17,1320510.93
2017-09-25,282,299,281.34,5861.15,1702847.03
2017-09-24,285.93,294.61,275,5544.62,1574147.48
2017-09-23,264,286.23,255.11,2821.68,788085.05
2017-09-22,257,272.97,253.01,1463.53,382707.68
2017-09-21,282,287,252.1,1909.37,515321.69
2017-09-20,284,294,275.91,1054.54,301038.78
2017-09-19,294.57,300,277.41,1858.5,532540.71
2017-09-18,257.55,306.22,257.11,4121.19,1181549.67
2017-09-17,249.31,264.39,239.02,4589.96,1143692.64
2017-09-16,253,271.81,235.51,10265.41,2621693.27
2017-09-15,215.21,270.93,192,14101.49,3291332.29
2017-09-14,276.91,283.77,215,12488.22,3082667.27
2017-09-13,293.96,294.5,257.05,6341.5,1730175.07
2017-09-12,297.3,316.46,286.01,5140.78,1562612.65
2017-09-11,293.5,304.98,285.21,4779.63,1421764.78
2017-09-10,296.74,302.78,261.03,4060.25,1155244.93
2017-09-09,302.99,307,281.66,2713.25,805572.88
2017-09-08,334.49,335.1,272,4874.53,1481290.06
2017-09-07,335,342.5,320.17,2977.82,985179.06
2017-09-06,312.09,336.34,312.09,5243.66,1714528.14
2017-09-05,283.77,321.52,235.55,7840.86,2253410.75
